-- Generated by Craft v2.6.2980 on Jun 4, 2017, 10:36:10 AM.

--
-- Disable foreign key checks and autocommit.
--

SET FOREIGN_KEY_CHECKS = 0;
SET SQL_MODE = "NO_AUTO_VALUE_ON_ZERO";
SET AUTOCOMMIT = 0;
SET NAMES utf8;


DROP TABLE IF EXISTS `craft_assetfiles`;


--
-- Schema for table `craft_assetfiles`
--
CREATE TABLE `craft_assetfiles` (
  `id` int(11) NOT NULL,
  `sourceId` int(11) DEFAULT NULL,
  `folderId` int(11) NOT NULL,
  `filename` varchar(255) COLLATE utf8_unicode_ci NOT NULL,
  `kind` varchar(50) COLLATE utf8_unicode_ci NOT NULL DEFAULT 'unknown',
  `width` int(11) unsigned DEFAULT NULL,
  `height` int(11) unsigned DEFAULT NULL,
  `size` bigint(20) unsigned DEFAULT NULL,
  `dateModified` datetime DEFAULT NULL,
  `dateCreated` datetime NOT NULL,
  `dateUpdated` datetime NOT NULL,
  `uid` char(36) COLLATE utf8_unicode_ci NOT NULL DEFAULT '0',
  PRIMARY KEY (`id`),
  UNIQUE KEY `craft_assetfiles_filename_folderId_unq_idx` (`filename`,`folderId`),
  KEY `craft_assetfiles_sourceId_fk` (`sourceId`),
  KEY `craft_assetfiles_folderId_fk` (`folderId`)
) ENGINE=InnoDB DEFAULT CHARSET=utf8 COLLATE=utf8_unicode_ci;

--
-- Data for table `craft_assetfiles`
--

INSERT INTO `craft_assetfiles` (`id`, `sourceId`, `folderId`, `filename`, `kind`, `width`, `height`, `size`, `dateModified`, `dateCreated`, `dateUpdated`, `uid`) VALUES
 ('7', '1', '1', 'reformat_1.jpg', 'image', '1394', '984', '242688', '2017-05-25 20:28:41', '2017-05-25 21:14:20', '2017-05-25 21:31:13', '1ac21f79-ddb5-41e6-8bd0-a6d0eb7fe848'),
 ('12', '1', '1', 'OUPW-02-44.mp4', 'video', NULL, NULL, '1012236', '2017-05-28 11:15:36', '2017-05-28 11:15:37', '2017-05-28 11:15:37', 'd3e526af-5757-4faa-8db8-7f891d3feefe');



DROP TABLE IF EXISTS `craft_assetfolders`;


--
-- Schema for table `craft_assetfolders`
--
CREATE TABLE `craft_assetfolders` (
  `id` int(11) NOT NULL AUTO_INCREMENT,
  `parentId` int(11) DEFAULT NULL,
  `sourceId` int(11) DEFAULT NULL,
  `name` varchar(255) COLLATE utf8_unicode_ci NOT NULL,
  `path` varchar(255) COLLATE utf8_unicode_ci DEFAULT NULL,
  `dateCreated` datetime NOT NULL,
  `dateUpdated` datetime NOT NULL,
  `uid` char(36) COLLATE utf8_unicode_ci NOT NULL DEFAULT '0',
  PRIMARY KEY (`id`),
  UNIQUE KEY `craft_assetfolders_name_parentId_sourceId_unq_idx` (`name`,`parentId`,`sourceId`),
  KEY `craft_assetfolders_parentId_fk` (`parentId`),
  KEY `craft_assetfolders_sourceId_fk` (`sourceId`)
) ENGINE=InnoDB AUTO_INCREMENT=5 DEFAULT CHARSET=utf8 COLLATE=utf8_unicode_ci;

--
-- Data for table `craft_assetfolders`
--

INSERT INTO `craft_assetfolders` (`id`, `parentId`, `sourceId`, `name`, `path`, `dateCreated`, `dateUpdated`, `uid`) VALUES
 ('1', NULL, '1', 'Project images', '', '2017-05-25 20:27:29', '2017-05-25 20:27:29', '293e9fee-e93b-4af3-abac-5eab97fb6a10'),
 ('2', NULL, NULL, 'Temporary source', NULL, '2017-05-25 20:27:41', '2017-05-25 20:27:41', '4bc66bba-696a-41a8-8325-790d39a30602'),
 ('3', '2', NULL, 'user_1', 'user_1/', '2017-05-25 20:27:41', '2017-05-25 20:27:41', '472012c8-32d8-444a-b6c7-c5bfb404ee73'),
 ('4', '3', NULL, 'field_10', 'user_1/field_10/', '2017-05-25 20:27:42', '2017-05-25 20:27:42', '00d80f63-6bc0-4605-86ba-727fdd1c36d9');



DROP TABLE IF EXISTS `craft_assetindexdata`;


--
-- Schema for table `craft_assetindexdata`
--
CREATE TABLE `craft_assetindexdata` (
  `id` int(11) NOT NULL AUTO_INCREMENT,
  `sessionId` varchar(36) COLLATE utf8_unicode_ci NOT NULL DEFAULT '',
  `sourceId` int(10) NOT NULL,
  `offset` int(10) NOT NULL,
  `uri` varchar(255) COLLATE utf8_unicode_ci DEFAULT NULL,
  `size` varchar(255) COLLATE utf8_unicode_ci DEFAULT NULL,
  `recordId` int(10) DEFAULT NULL,
  `dateCreated` datetime NOT NULL,
  `dateUpdated` datetime NOT NULL,
  `uid` char(36) COLLATE utf8_unicode_ci NOT NULL DEFAULT '0',
  PRIMARY KEY (`id`),
  UNIQUE KEY `craft_assetindexdata_sessionId_sourceId_offset_unq_idx` (`sessionId`,`sourceId`,`offset`),
  KEY `craft_assetindexdata_sourceId_fk` (`sourceId`)
) ENGINE=InnoDB DEFAULT CHARSET=utf8 COLLATE=utf8_unicode_ci;

DROP TABLE IF EXISTS `craft_assetsources`;


--
-- Schema for table `craft_assetsources`
--
CREATE TABLE `craft_assetsources` (
  `id` int(11) NOT NULL AUTO_INCREMENT,
  `name` varchar(255) COLLATE utf8_unicode_ci NOT NULL,
  `handle` varchar(255) COLLATE utf8_unicode_ci NOT NULL,
  `type` varchar(150) COLLATE utf8_unicode_ci NOT NULL,
  `settings` text COLLATE utf8_unicode_ci,
  `sortOrder` smallint(6) unsigned DEFAULT NULL,
  `fieldLayoutId` int(10) DEFAULT NULL,
  `dateCreated` datetime NOT NULL,
  `dateUpdated` datetime NOT NULL,
  `uid` char(36) COLLATE utf8_unicode_ci NOT NULL DEFAULT '0',
  PRIMARY KEY (`id`),
  UNIQUE KEY `craft_assetsources_name_unq_idx` (`name`),
  UNIQUE KEY `craft_assetsources_handle_unq_idx` (`handle`),
  KEY `craft_assetsources_fieldLayoutId_fk` (`fieldLayoutId`)
) ENGINE=InnoDB AUTO_INCREMENT=2 DEFAULT CHARSET=utf8 COLLATE=utf8_unicode_ci;

--
-- Data for table `craft_assetsources`
--

INSERT INTO `craft_assetsources` (`id`, `name`, `handle`, `type`, `settings`, `sortOrder`, `fieldLayoutId`, `dateCreated`, `dateUpdated`, `uid`) VALUES
 ('1', 'Project images', 'projectImages', 'Local', '{\"path\":\"{basePath}project\\/\",\"publicURLs\":\"1\",\"url\":\"{baseUrl}project\\/\"}', '1', '22', '2017-05-25 20:27:28', '2017-05-25 21:31:02', 'bea1f9ee-79c2-4733-a5fe-70474db9d37d');



DROP TABLE IF EXISTS `craft_assettransformindex`;


--
-- Schema for table `craft_assettransformindex`
--
CREATE TABLE `craft_assettransformindex` (
  `id` int(11) NOT NULL AUTO_INCREMENT,
  `fileId` int(11) NOT NULL,
  `filename` varchar(255) COLLATE utf8_unicode_ci DEFAULT NULL,
  `format` varchar(255) COLLATE utf8_unicode_ci DEFAULT NULL,
  `location` varchar(255) COLLATE utf8_unicode_ci NOT NULL,
  `sourceId` int(11) DEFAULT NULL,
  `fileExists` tinyint(1) DEFAULT NULL,
  `inProgress` tinyint(1) DEFAULT NULL,
  `dateIndexed` datetime DEFAULT NULL,
  `dateCreated` datetime NOT NULL,
  `dateUpdated` datetime NOT NULL,
  `uid` char(36) COLLATE utf8_unicode_ci NOT NULL DEFAULT '0',
  PRIMARY KEY (`id`),
  KEY `craft_assettransformindex_sourceId_fileId_location_idx` (`sourceId`,`fileId`,`location`)
) ENGINE=InnoDB DEFAULT CHARSET=utf8 COLLATE=utf8_unicode_ci;

DROP TABLE IF EXISTS `craft_assettransforms`;


--
-- Schema for table `craft_assettransforms`
--
CREATE TABLE `craft_assettransforms` (
  `id` int(11) NOT NULL AUTO_INCREMENT,
  `name` varchar(255) COLLATE utf8_unicode_ci NOT NULL,
  `handle` varchar(255) COLLATE utf8_unicode_ci NOT NULL,
  `mode` enum('stretch','fit','crop') COLLATE utf8_unicode_ci NOT NULL DEFAULT 'crop',
  `position` enum('top-left','top-center','top-right','center-left','center-center','center-right','bottom-left','bottom-center','bottom-right') COLLATE utf8_unicode_ci NOT NULL DEFAULT 'center-center',
  `height` int(10) DEFAULT NULL,
  `width` int(10) DEFAULT NULL,
  `format` varchar(255) COLLATE utf8_unicode_ci DEFAULT NULL,
  `quality` int(10) DEFAULT NULL,
  `dimensionChangeTime` datetime DEFAULT NULL,
  `dateCreated` datetime NOT NULL,
  `dateUpdated` datetime NOT NULL,
  `uid` char(36) COLLATE utf8_unicode_ci NOT NULL DEFAULT '0',
  PRIMARY KEY (`id`),
  UNIQUE KEY `craft_assettransforms_name_unq_idx` (`name`),
  UNIQUE KEY `craft_assettransforms_handle_unq_idx` (`handle`)
) ENGINE=InnoDB DEFAULT CHARSET=utf8 COLLATE=utf8_unicode_ci;

DROP TABLE IF EXISTS `craft_categories`;


--
-- Schema for table `craft_categories`
--
CREATE TABLE `craft_categories` (
  `id` int(11) NOT NULL,
  `groupId` int(11) NOT NULL,
  `dateCreated` datetime NOT NULL,
  `dateUpdated` datetime NOT NULL,
  `uid` char(36) COLLATE utf8_unicode_ci NOT NULL DEFAULT '0',
  PRIMARY KEY (`id`),
  KEY `craft_categories_groupId_fk` (`groupId`)
) ENGINE=InnoDB DEFAULT CHARSET=utf8 COLLATE=utf8_unicode_ci;

DROP TABLE IF EXISTS `craft_categorygroups`;


--
-- Schema for table `craft_categorygroups`
--
CREATE TABLE `craft_categorygroups` (
  `id` int(11) NOT NULL AUTO_INCREMENT,
  `structureId` int(11) NOT NULL,
  `fieldLayoutId` int(11) DEFAULT NULL,
  `name` varchar(255) COLLATE utf8_unicode_ci NOT NULL,
  `handle` varchar(255) COLLATE utf8_unicode_ci NOT NULL,
  `hasUrls` tinyint(1) unsigned NOT NULL DEFAULT '1',
  `template` varchar(500) COLLATE utf8_unicode_ci DEFAULT NULL,
  `dateCreated` datetime NOT NULL,
  `dateUpdated` datetime NOT NULL,
  `uid` char(36) COLLATE utf8_unicode_ci NOT NULL DEFAULT '0',
  PRIMARY KEY (`id`),
  UNIQUE KEY `craft_categorygroups_name_unq_idx` (`name`),
  UNIQUE KEY `craft_categorygroups_handle_unq_idx` (`handle`),
  KEY `craft_categorygroups_structureId_fk` (`structureId`),
  KEY `craft_categorygroups_fieldLayoutId_fk` (`fieldLayoutId`)
) ENGINE=InnoDB DEFAULT CHARSET=utf8 COLLATE=utf8_unicode_ci;

DROP TABLE IF EXISTS `craft_categorygroups_i18n`;


--
-- Schema for table `craft_categorygroups_i18n`
--
CREATE TABLE `craft_categorygroups_i18n` (
  `id` int(11) NOT NULL AUTO_INCREMENT,
  `groupId` int(11) NOT NULL,
  `locale` char(12) COLLATE utf8_unicode_ci NOT NULL,
  `urlFormat` text COLLATE utf8_unicode_ci,
  `nestedUrlFormat` text COLLATE utf8_unicode_ci,
  `dateCreated` datetime NOT NULL,
  `dateUpdated` datetime NOT NULL,
  `uid` char(36) COLLATE utf8_unicode_ci NOT NULL DEFAULT '0',
  PRIMARY KEY (`id`),
  UNIQUE KEY `craft_categorygroups_i18n_groupId_locale_unq_idx` (`groupId`,`locale`),
  KEY `craft_categorygroups_i18n_locale_fk` (`locale`)
) ENGINE=InnoDB DEFAULT CHARSET=utf8 COLLATE=utf8_unicode_ci;

DROP TABLE IF EXISTS `craft_content`;


--
-- Schema for table `craft_content`
--
CREATE TABLE `craft_content` (
  `id` int(11) NOT NULL AUTO_INCREMENT,
  `elementId` int(11) NOT NULL,
  `locale` char(12) COLLATE utf8_unicode_ci NOT NULL,
  `title` varchar(255) COLLATE utf8_unicode_ci DEFAULT NULL,
  `field_xPosition` decimal(3,1) unsigned DEFAULT '0.0',
  `field_yPosition` decimal(3,1) unsigned DEFAULT '0.0',
  `field_typology` text COLLATE utf8_unicode_ci,
  `field_timelineStartYear` varchar(4) COLLATE utf8_unicode_ci DEFAULT NULL,
  `field_preamble` text COLLATE utf8_unicode_ci,
  `field_timePeriod` text COLLATE utf8_unicode_ci,
  `dateCreated` datetime NOT NULL,
  `dateUpdated` datetime NOT NULL,
  `uid` char(36) COLLATE utf8_unicode_ci NOT NULL DEFAULT '0',
  PRIMARY KEY (`id`),
  UNIQUE KEY `craft_content_elementId_locale_unq_idx` (`elementId`,`locale`),
  KEY `craft_content_title_idx` (`title`),
  KEY `craft_content_locale_fk` (`locale`)
) ENGINE=InnoDB AUTO_INCREMENT=10 DEFAULT CHARSET=utf8 COLLATE=utf8_unicode_ci;

--
-- Data for table `craft_content`
--

INSERT INTO `craft_content` (`id`, `elementId`, `locale`, `title`, `field_xPosition`, `field_yPosition`, `field_typology`, `field_timelineStartYear`, `field_preamble`, `field_timePeriod`, `dateCreated`, `dateUpdated`, `uid`) VALUES
 ('1', '1', 'en_us', NULL, '0.0', '0.0', NULL, NULL, NULL, NULL, '2017-05-22 21:08:47', '2017-05-25 23:03:07', '32a08b41-20fd-46f7-af9c-5bbeb329ebe4'),
 ('2', '2', 'en_us', 'Welcome to Index!', '0.0', '0.0', NULL, NULL, NULL, NULL, '2017-05-22 21:08:51', '2017-05-22 21:55:06', '7a6aaecb-5230-4175-9a93-2a2d19bb391c'),
 ('4', '4', 'en_us', 'Reformat', '2.0', '50.0', 'Magazine', NULL, '<p>A magazine being responsive beyond screens.</p>\n<p>The magazine format is challenged by exploring the unconquered space between analog and digital media, expressed as a flexible design that responds to the screen resolution – and to print. Through interviews with leading design studios, the content informed the design process. Reformat aims to change the existing mindset by proving that print can be one of many possible states of digital objects.</p>', '2011–2012', '2017-05-22 22:08:21', '2017-05-28 13:17:47', '200d1b35-2902-4670-8049-0cb2d7557586'),
 ('5', '5', 'en_us', NULL, '0.0', '0.0', NULL, '2011', NULL, NULL, '2017-05-23 21:43:40', '2017-05-23 21:47:51', '3ba4b369-c334-4a81-8df9-2bd3b6912093'),
 ('7', '7', 'en_us', 'Reformat 1', '0.0', '0.0', NULL, NULL, NULL, NULL, '2017-05-25 21:14:20', '2017-05-25 21:31:13', '7e016503-b030-4608-9702-7ca19e189ef8'),
 ('8', '10', 'en_us', 'The book about the one who stole my iPhone', '13.0', '25.0', 'Book', NULL, '<p>As a citizen of the technology-addicted world, I felt the downside of living and archiving my life digitally when my iPhone was stolen. Uncovering my need of communicating through digital devices and the unpleasant feeling of strangers having my personal information, layed the foundation for an eight-week project raising the question: “How can the increasing bond between the digital sphere and the physical world be illustrated through a stolen digital device?”</p><p>Through a mistake by the thief, I got access to this persons contact list and address via iCloud syncronization and Find my iPhone. With this information, I utilized digital channels and databases to gather as much information about this person as possible – and in the end I have strong proof of who has my iPhone – and a book containing the life of this person.</p>', '', '2017-05-26 11:04:07', '2017-05-26 14:15:19', '4102355a-47ac-442b-80eb-a3860aa00eb0'),
 ('9', '12', 'en_us', 'Oupw 02 44', '0.0', '0.0', NULL, NULL, NULL, NULL, '2017-05-28 11:15:37', '2017-05-28 11:15:37', '92193330-e548-4a6e-b124-169f8922ad3d');



DROP TABLE IF EXISTS `craft_deprecationerrors`;


--
-- Schema for table `craft_deprecationerrors`
--
CREATE TABLE `craft_deprecationerrors` (
  `id` int(11) NOT NULL AUTO_INCREMENT,
  `key` varchar(255) COLLATE utf8_unicode_ci NOT NULL,
  `fingerprint` varchar(255) COLLATE utf8_unicode_ci NOT NULL,
  `lastOccurrence` datetime NOT NULL,
  `file` varchar(255) COLLATE utf8_unicode_ci NOT NULL,
  `line` smallint(6) unsigned NOT NULL,
  `class` varchar(255) COLLATE utf8_unicode_ci DEFAULT NULL,
  `method` varchar(255) COLLATE utf8_unicode_ci DEFAULT NULL,
  `template` varchar(255) COLLATE utf8_unicode_ci DEFAULT NULL,
  `templateLine` smallint(6) unsigned DEFAULT NULL,
  `message` varchar(255) COLLATE utf8_unicode_ci DEFAULT NULL,
  `traces` text COLLATE utf8_unicode_ci,
  `dateCreated` datetime NOT NULL,
  `dateUpdated` datetime NOT NULL,
  `uid` char(36) COLLATE utf8_unicode_ci NOT NULL DEFAULT '0',
  PRIMARY KEY (`id`),
  UNIQUE KEY `craft_deprecationerrors_key_fingerprint_unq_idx` (`key`,`fingerprint`)
) ENGINE=InnoDB DEFAULT CHARSET=utf8 COLLATE=utf8_unicode_ci;

DROP TABLE IF EXISTS `craft_elementindexsettings`;


--
-- Schema for table `craft_elementindexsettings`
--
CREATE TABLE `craft_elementindexsettings` (
  `id` int(11) NOT NULL AUTO_INCREMENT,
  `type` varchar(150) COLLATE utf8_unicode_ci NOT NULL,
  `settings` text COLLATE utf8_unicode_ci,
  `dateCreated` datetime NOT NULL,
  `dateUpdated` datetime NOT NULL,
  `uid` char(36) COLLATE utf8_unicode_ci NOT NULL DEFAULT '0',
  PRIMARY KEY (`id`),
  UNIQUE KEY `craft_elementindexsettings_type_unq_idx` (`type`)
) ENGINE=InnoDB DEFAULT CHARSET=utf8 COLLATE=utf8_unicode_ci;

DROP TABLE IF EXISTS `craft_elements`;


--
-- Schema for table `craft_elements`
--
CREATE TABLE `craft_elements` (
  `id` int(11) NOT NULL AUTO_INCREMENT,
  `type` varchar(150) COLLATE utf8_unicode_ci NOT NULL,
  `enabled` tinyint(1) unsigned NOT NULL DEFAULT '1',
  `archived` tinyint(1) unsigned NOT NULL DEFAULT '0',
  `dateCreated` datetime NOT NULL,
  `dateUpdated` datetime NOT NULL,
  `uid` char(36) COLLATE utf8_unicode_ci NOT NULL DEFAULT '0',
  PRIMARY KEY (`id`),
  KEY `craft_elements_type_idx` (`type`),
  KEY `craft_elements_enabled_idx` (`enabled`),
  KEY `craft_elements_archived_dateCreated_idx` (`archived`,`dateCreated`)
) ENGINE=InnoDB AUTO_INCREMENT=13 DEFAULT CHARSET=utf8 COLLATE=utf8_unicode_ci;

--
-- Data for table `craft_elements`
--

INSERT INTO `craft_elements` (`id`, `type`, `enabled`, `archived`, `dateCreated`, `dateUpdated`, `uid`) VALUES
 ('1', 'User', '1', '0', '2017-05-22 21:08:47', '2017-05-25 23:03:06', '9f0a89a2-a79c-41f5-af35-1b531534bc4e'),
 ('2', 'Entry', '1', '0', '2017-05-22 21:08:51', '2017-05-22 21:55:06', '349ea671-07f6-42bf-9cce-a5597764754a'),
 ('4', 'Entry', '1', '0', '2017-05-22 22:08:21', '2017-05-28 13:17:47', '62c14d94-7665-48fa-8cba-f7d3c9159a13'),
 ('5', 'GlobalSet', '1', '0', '2017-05-23 21:43:40', '2017-05-23 21:47:51', 'eec3463d-953b-4e3c-8860-03458767b738'),
 ('7', 'Asset', '1', '0', '2017-05-25 21:14:20', '2017-05-25 21:31:13', 'fa79783b-ae7d-406c-a161-2f7e71a7ba67'),
 ('8', 'MatrixBlock', '1', '0', '2017-05-25 21:20:57', '2017-05-28 13:17:47', 'bd955efd-7918-4d7f-9f04-9f59f4d1ed26'),
 ('9', 'MatrixBlock', '1', '0', '2017-05-25 23:42:23', '2017-05-28 13:17:47', '9e3f4df0-f5fd-4439-9c8b-b35c9ec0cbe4'),
 ('10', 'Entry', '1', '0', '2017-05-26 11:04:07', '2017-05-26 14:15:19', '217753af-b4d2-4997-b6dc-63c21e7dca1a'),
 ('12', 'Asset', '1', '0', '2017-05-28 11:15:37', '2017-05-28 11:15:37', '02217ca5-e251-430d-98f1-806bde7ae450');



DROP TABLE IF EXISTS `craft_elements_i18n`;


--
-- Schema for table `craft_elements_i18n`
--
CREATE TABLE `craft_elements_i18n` (
  `id` int(11) NOT NULL AUTO_INCREMENT,
  `elementId` int(11) NOT NULL,
  `locale` char(12) COLLATE utf8_unicode_ci NOT NULL,
  `slug` varchar(255) COLLATE utf8_unicode_ci DEFAULT NULL,
  `uri` varchar(255) COLLATE utf8_unicode_ci DEFAULT NULL,
  `enabled` tinyint(1) unsigned NOT NULL DEFAULT '1',
  `dateCreated` datetime NOT NULL,
  `dateUpdated` datetime NOT NULL,
  `uid` char(36) COLLATE utf8_unicode_ci NOT NULL DEFAULT '0',
  PRIMARY KEY (`id`),
  UNIQUE KEY `craft_elements_i18n_elementId_locale_unq_idx` (`elementId`,`locale`),
  UNIQUE KEY `craft_elements_i18n_uri_locale_unq_idx` (`uri`,`locale`),
  KEY `craft_elements_i18n_slug_locale_idx` (`slug`,`locale`),
  KEY `craft_elements_i18n_enabled_idx` (`enabled`),
  KEY `craft_elements_i18n_locale_fk` (`locale`)
) ENGINE=InnoDB AUTO_INCREMENT=12 DEFAULT CHARSET=utf8 COLLATE=utf8_unicode_ci;

--
-- Data for table `craft_elements_i18n`
--

INSERT INTO `craft_elements_i18n` (`id`, `elementId`, `locale`, `slug`, `uri`, `enabled`, `dateCreated`, `dateUpdated`, `uid`) VALUES
 ('1', '1', 'en_us', '', NULL, '1', '2017-05-22 21:08:47', '2017-05-25 23:03:07', '4d04ccdb-236d-4f02-a7b8-149b150451dd'),
 ('2', '2', 'en_us', 'homepage', '__home__', '1', '2017-05-22 21:08:51', '2017-05-22 21:55:06', '53273a48-9960-4e06-9195-61ba2bbbb584'),
 ('4', '4', 'en_us', 'reformat', 'reformat', '1', '2017-05-22 22:08:21', '2017-05-28 13:17:47', 'f06bb8b7-50c8-456e-8f08-7c7cc0c70f5b'),
 ('5', '5', 'en_us', '', NULL, '1', '2017-05-23 21:43:40', '2017-05-23 21:47:51', 'dcbacc79-0121-4160-b9a0-842ef9f61621'),
 ('6', '7', 'en_us', 'reformat-1', NULL, '1', '2017-05-25 21:14:20', '2017-05-25 21:31:13', '3cdd65d0-d7c1-4132-be30-0b400d35173b'),
 ('7', '8', 'en_us', '', NULL, '1', '2017-05-25 21:20:57', '2017-05-28 13:17:47', 'f3405dd5-a2c1-44ac-9678-04bb8c33a132'),
 ('8', '9', 'en_us', '', NULL, '1', '2017-05-25 23:42:23', '2017-05-28 13:17:47', '1f192f98-d5c0-4e4d-9744-d2726709474c'),
 ('9', '10', 'en_us', 'the-book-about-the-one-who-stole-my-iphone', 'the-book-about-the-one-who-stole-my-iphone', '1', '2017-05-26 11:04:07', '2017-05-26 14:15:20', 'afcbaea3-1860-4950-8f67-4c05a430fb0e'),
 ('11', '12', 'en_us', 'oupw-02-44', NULL, '1', '2017-05-28 11:15:37', '2017-05-28 11:15:37', '0bad87e9-fe71-4dcd-ba36-d986f7ea9fb9');



DROP TABLE IF EXISTS `craft_emailmessages`;


--
-- Schema for table `craft_emailmessages`
--
CREATE TABLE `craft_emailmessages` (
  `id` int(11) NOT NULL AUTO_INCREMENT,
  `key` char(150) COLLATE utf8_unicode_ci NOT NULL,
  `locale` char(12) COLLATE utf8_unicode_ci NOT NULL,
  `subject` varchar(1000) COLLATE utf8_unicode_ci NOT NULL,
  `body` text COLLATE utf8_unicode_ci NOT NULL,
  `dateCreated` datetime NOT NULL,
  `dateUpdated` datetime NOT NULL,
  `uid` char(36) COLLATE utf8_unicode_ci NOT NULL DEFAULT '0',
  PRIMARY KEY (`id`),
  UNIQUE KEY `craft_emailmessages_key_locale_unq_idx` (`key`,`locale`),
  KEY `craft_emailmessages_locale_fk` (`locale`)
) ENGINE=InnoDB DEFAULT CHARSET=utf8 COLLATE=utf8_unicode_ci;

DROP TABLE IF EXISTS `craft_entries`;


--
-- Schema for table `craft_entries`
--
CREATE TABLE `craft_entries` (
  `id` int(11) NOT NULL,
  `sectionId` int(11) NOT NULL,
  `typeId` int(11) DEFAULT NULL,
  `authorId` int(11) DEFAULT NULL,
  `postDate` datetime DEFAULT NULL,
  `expiryDate` datetime DEFAULT NULL,
  `dateCreated` datetime NOT NULL,
  `dateUpdated` datetime NOT NULL,
  `uid` char(36) COLLATE utf8_unicode_ci NOT NULL DEFAULT '0',
  PRIMARY KEY (`id`),
  KEY `craft_entries_sectionId_idx` (`sectionId`),
  KEY `craft_entries_typeId_idx` (`typeId`),
  KEY `craft_entries_postDate_idx` (`postDate`),
  KEY `craft_entries_expiryDate_idx` (`expiryDate`),
  KEY `craft_entries_authorId_fk` (`authorId`)
) ENGINE=InnoDB DEFAULT CHARSET=utf8 COLLATE=utf8_unicode_ci;

--
-- Data for table `craft_entries`
--

INSERT INTO `craft_entries` (`id`, `sectionId`, `typeId`, `authorId`, `postDate`, `expiryDate`, `dateCreated`, `dateUpdated`, `uid`) VALUES
 ('2', '1', '1', NULL, '2017-05-22 21:55:06', NULL, '2017-05-22 21:08:51', '2017-05-22 21:55:06', '2598efe4-c6e2-4aad-ab55-3ea3e674923a'),
 ('4', '3', '3', '1', '2011-12-01 08:00:00', NULL, '2017-05-22 22:08:21', '2017-05-28 13:17:47', '8c886a98-13ae-4143-b716-a2e37e75ba50'),
 ('10', '3', '3', '1', '2012-09-30 22:00:00', NULL, '2017-05-26 11:04:07', '2017-05-26 14:15:20', 'd30cce11-c065-4086-9479-67a42f121aca');



DROP TABLE IF EXISTS `craft_entrydrafts`;


--
-- Schema for table `craft_entrydrafts`
--
CREATE TABLE `craft_entrydrafts` (
  `id` int(11) NOT NULL AUTO_INCREMENT,
  `entryId` int(11) NOT NULL,
  `sectionId` int(11) NOT NULL,
  `creatorId` int(11) NOT NULL,
  `locale` char(12) COLLATE utf8_unicode_ci NOT NULL,
  `name` varchar(255) COLLATE utf8_unicode_ci NOT NULL,
  `notes` tinytext COLLATE utf8_unicode_ci,
  `data` mediumtext COLLATE utf8_unicode_ci NOT NULL,
  `dateCreated` datetime NOT NULL,
  `dateUpdated` datetime NOT NULL,
  `uid` char(36) COLLATE utf8_unicode_ci NOT NULL DEFAULT '0',
  PRIMARY KEY (`id`),
  KEY `craft_entrydrafts_entryId_locale_idx` (`entryId`,`locale`),
  KEY `craft_entrydrafts_sectionId_fk` (`sectionId`),
  KEY `craft_entrydrafts_creatorId_fk` (`creatorId`),
  KEY `craft_entrydrafts_locale_fk` (`locale`)
) ENGINE=InnoDB DEFAULT CHARSET=utf8 COLLATE=utf8_unicode_ci;

DROP TABLE IF EXISTS `craft_entrytypes`;


--
-- Schema for table `craft_entrytypes`
--
CREATE TABLE `craft_entrytypes` (
  `id` int(11) NOT NULL AUTO_INCREMENT,
  `sectionId` int(11) NOT NULL,
  `fieldLayoutId` int(11) DEFAULT NULL,
  `name` varchar(255) COLLATE utf8_unicode_ci NOT NULL,
  `handle` varchar(255) COLLATE utf8_unicode_ci NOT NULL,
  `hasTitleField` tinyint(1) unsigned NOT NULL DEFAULT '1',
  `titleLabel` varchar(255) COLLATE utf8_unicode_ci DEFAULT 'Title',
  `titleFormat` varchar(255) COLLATE utf8_unicode_ci DEFAULT NULL,
  `sortOrder` smallint(6) unsigned DEFAULT NULL,
  `dateCreated` datetime NOT NULL,
  `dateUpdated` datetime NOT NULL,
  `uid` char(36) COLLATE utf8_unicode_ci NOT NULL DEFAULT '0',
  PRIMARY KEY (`id`),
  UNIQUE KEY `craft_entrytypes_name_sectionId_unq_idx` (`name`,`sectionId`),
  UNIQUE KEY `craft_entrytypes_handle_sectionId_unq_idx` (`handle`,`sectionId`),
  KEY `craft_entrytypes_sectionId_fk` (`sectionId`),
  KEY `craft_entrytypes_fieldLayoutId_fk` (`fieldLayoutId`)
) ENGINE=InnoDB AUTO_INCREMENT=4 DEFAULT CHARSET=utf8 COLLATE=utf8_unicode_ci;

--
-- Data for table `craft_entrytypes`
--

INSERT INTO `craft_entrytypes` (`id`, `sectionId`, `fieldLayoutId`, `name`, `handle`, `hasTitleField`, `titleLabel`, `titleFormat`, `sortOrder`, `dateCreated`, `dateUpdated`, `uid`) VALUES
 ('1', '1', '3', 'Index', 'homepage', '1', 'Title', NULL, '1', '2017-05-22 21:08:51', '2017-05-22 21:55:06', '7f68dcf2-abc3-4657-9507-4a712049d8ea'),
 ('3', '3', '49', 'Project', 'project', '1', 'Title', NULL, '1', '2017-05-22 21:55:31', '2017-05-28 19:53:12', 'c1caaa7a-580e-4423-9acc-7f6ba978dcc0');



DROP TABLE IF EXISTS `craft_entryversions`;


--
-- Schema for table `craft_entryversions`
--
CREATE TABLE `craft_entryversions` (
  `id` int(11) NOT NULL AUTO_INCREMENT,
  `entryId` int(11) NOT NULL,
  `sectionId` int(11) NOT NULL,
  `creatorId` int(11) DEFAULT NULL,
  `locale` char(12) COLLATE utf8_unicode_ci NOT NULL,
  `num` smallint(6) unsigned NOT NULL,
  `notes` tinytext COLLATE utf8_unicode_ci,
  `data` mediumtext COLLATE utf8_unicode_ci NOT NULL,
  `dateCreated` datetime NOT NULL,
  `dateUpdated` datetime NOT NULL,
  `uid` char(36) COLLATE utf8_unicode_ci NOT NULL DEFAULT '0',
  PRIMARY KEY (`id`),
  KEY `craft_entryversions_entryId_locale_idx` (`entryId`,`locale`),
  KEY `craft_entryversions_sectionId_fk` (`sectionId`),
  KEY `craft_entryversions_creatorId_fk` (`creatorId`),
  KEY `craft_entryversions_locale_fk` (`locale`)
) ENGINE=InnoDB AUTO_INCREMENT=24 DEFAULT CHARSET=utf8 COLLATE=utf8_unicode_ci;

--
-- Data for table `craft_entryversions`
--

INSERT INTO `craft_entryversions` (`id`, `entryId`, `sectionId`, `creatorId`, `locale`, `num`, `notes`, `data`, `dateCreated`, `dateUpdated`, `uid`) VALUES
 ('1', '2', '1', '1', 'en_us', '1', NULL, '{\"typeId\":\"1\",\"authorId\":null,\"title\":\"Homepage\",\"slug\":\"homepage\",\"postDate\":1495487331,\"expiryDate\":null,\"enabled\":1,\"parentId\":null,\"fields\":[]}', '2017-05-22 21:08:51', '2017-05-22 21:08:51', '4e84c7b0-87c4-43e9-a21e-ffbab2b02aad'),
 ('2', '2', '1', '1', 'en_us', '2', NULL, '{\"typeId\":null,\"authorId\":null,\"title\":\"Welcome to Index!\",\"slug\":\"homepage\",\"postDate\":1495487331,\"expiryDate\":null,\"enabled\":\"1\",\"parentId\":null,\"fields\":{\"1\":\"<p>It\\u2019s true, this site doesn\\u2019t have a whole lot of content yet, but don\\u2019t worry. Our web developers have just installed the CMS, and they\\u2019re setting things up for the content editors this very moment. Soon Index will be an oasis of fresh perspectives, sharp analyses, and astute opinions that will keep you coming back again and again.<\\/p>\"}}', '2017-05-22 21:08:51', '2017-05-22 21:08:51', '137d5001-39b9-4bd1-a1c3-f873793b1be0'),
 ('3', '4', '3', '1', 'en_us', '1', '', '{\"typeId\":null,\"authorId\":\"1\",\"title\":\"Project 1\",\"slug\":\"project-1\",\"postDate\":1495497600,\"expiryDate\":null,\"enabled\":1,\"parentId\":null,\"fields\":[]}', '2017-05-22 22:08:22', '2017-05-22 22:08:22', 'cceb9f46-d4b2-4be6-b7fb-c85e7ee933b6'),
 ('4', '4', '3', '1', 'en_us', '2', '', '{\"typeId\":\"3\",\"authorId\":\"1\",\"title\":\"Project 1\",\"slug\":\"project-1\",\"postDate\":1495411200,\"expiryDate\":null,\"enabled\":1,\"parentId\":null,\"fields\":[]}', '2017-05-22 22:10:21', '2017-05-22 22:10:21', '666f369b-3c91-41b3-8f16-1e569382d86b'),
 ('5', '4', '3', '1', 'en_us', '3', '', '{\"typeId\":\"3\",\"authorId\":\"1\",\"title\":\"Reformat\",\"slug\":\"reformat\",\"postDate\":1495411200,\"expiryDate\":null,\"enabled\":1,\"parentId\":null,\"fields\":{\"3\":\"2\",\"5\":\"Magazine\",\"4\":\"50\"}}', '2017-05-23 21:17:20', '2017-05-23 21:17:20', '015d1f96-f784-4ad7-aca3-aa7d007d6f23'),
 ('6', '4', '3', '1', 'en_us', '4', '', '{\"typeId\":\"3\",\"authorId\":\"1\",\"title\":\"Reformat\",\"slug\":\"reformat\",\"postDate\":1495411200,\"expiryDate\":null,\"enabled\":1,\"parentId\":null,\"fields\":{\"9\":{\"new1\":{\"type\":\"row\",\"enabled\":\"1\",\"fields\":{\"projectImage\":[\"7\"],\"imageWidth\":\"9\",\"imageOffset\":\"3\"}}},\"3\":\"2\",\"5\":\"Magazine\",\"4\":\"50\"}}', '2017-05-25 21:20:58', '2017-05-25 21:20:58', '598ed10e-2f97-426c-8297-283bb9c6b106'),
 ('7', '4', '3', '1', 'en_us', '5', '', '{\"typeId\":\"3\",\"authorId\":\"1\",\"title\":\"Reformat\",\"slug\":\"reformat\",\"postDate\":1495411200,\"expiryDate\":null,\"enabled\":1,\"parentId\":null,\"fields\":{\"9\":{\"8\":{\"type\":\"rowImage\",\"enabled\":\"1\",\"fields\":{\"projectImage\":[\"7\"],\"imageWidth\":\"9\",\"imageOffset\":\"2\"}}},\"3\":\"2\",\"5\":\"Magazine\",\"4\":\"50\"}}', '2017-05-25 23:25:10', '2017-05-25 23:25:10', '0218d779-50a3-40cf-8fbb-8a70220d6f90'),
 ('8', '4', '3', '1', 'en_us', '6', '', '{\"typeId\":\"3\",\"authorId\":\"1\",\"title\":\"Reformat\",\"slug\":\"reformat\",\"postDate\":1495411200,\"expiryDate\":null,\"enabled\":1,\"parentId\":null,\"fields\":{\"9\":{\"8\":{\"type\":\"rowImage\",\"enabled\":\"1\",\"fields\":{\"projectImage\":[\"7\"],\"imageWidth\":\"8\",\"imageOffset\":\"2\"}}},\"3\":\"2\",\"5\":\"Magazine\",\"4\":\"50\"}}', '2017-05-25 23:25:48', '2017-05-25 23:25:48', 'b0a811bb-38be-451a-a249-a210cc7f953f'),
 ('9', '4', '3', '1', 'en_us', '7', '', '{\"typeId\":\"3\",\"authorId\":\"1\",\"title\":\"Reformat\",\"slug\":\"reformat\",\"postDate\":1495411200,\"expiryDate\":null,\"enabled\":1,\"parentId\":null,\"fields\":{\"9\":{\"8\":{\"type\":\"rowImage\",\"enabled\":\"1\",\"fields\":{\"projectImage\":[\"7\"],\"imageWidth\":\"8\",\"imageOffset\":\"2\"}},\"new1\":{\"type\":\"rowText\",\"enabled\":\"1\",\"fields\":{\"projectText\":\"The web format is challenged by exploring the void between analog and digital media, expressed as a flexible design that responds to the screen resolution \\u2013 and to print. Through interviews with leading design studios, the content informed the design process. Reformat aims to change the existing mindset by proving that print today often is one of many states of digital objects.\",\"textWidth\":\"5\",\"textOffset\":\"2\"}}},\"3\":\"2\",\"5\":\"Magazine\",\"4\":\"50\"}}', '2017-05-25 23:42:23', '2017-05-25 23:42:23', '8aaedb6d-1b9e-410f-a433-3b2cb1e150d1'),
 ('10', '4', '3', '1', 'en_us', '8', '', '{\"typeId\":\"3\",\"authorId\":\"1\",\"title\":\"Reformat\",\"slug\":\"reformat\",\"postDate\":1322726400,\"expiryDate\":null,\"enabled\":1,\"parentId\":null,\"fields\":{\"9\":{\"8\":{\"type\":\"rowImage\",\"enabled\":\"1\",\"fields\":{\"projectImage\":[\"7\"],\"imageWidth\":\"8\",\"imageOffset\":\"2\"}},\"9\":{\"type\":\"rowText\",\"enabled\":\"1\",\"fields\":{\"projectText\":\"The web format is challenged by exploring the void between analog and digital media, expressed as a flexible design that responds to the screen resolution \\u2013 and to print. Through interviews with leading design studios, the content informed the design process. Reformat aims to change the existing mindset by proving that print today often is one of many states of digital objects.\",\"textWidth\":\"5\",\"textOffset\":\"2\"}}},\"3\":\"2\",\"5\":\"Magazine\",\"4\":\"50\"}}', '2017-05-26 09:36:41', '2017-05-26 09:36:41', '06012688-faf1-4b55-9db7-f86bb1556c17'),
 ('11', '10', '3', '1', 'en_us', '1', '', '{\"typeId\":null,\"authorId\":\"1\",\"title\":\"The book about the one who stole my iPhone\",\"slug\":\"the-book-about-the-one-who-stole-my-iphone\",\"postDate\":1349042400,\"expiryDate\":null,\"enabled\":1,\"parentId\":null,\"fields\":{\"9\":\"\",\"3\":\"13\",\"5\":\"Book\",\"4\":\"25\"}}', '2017-05-26 11:04:07', '2017-05-26 11:04:07', '7d1c9dff-9ce7-4614-b4bf-e58a7fbd3297'),
 ('12', '4', '3', '1', 'en_us', '9', '', '{\"typeId\":\"3\",\"authorId\":\"1\",\"title\":\"Reformat\",\"slug\":\"reformat\",\"postDate\":1322726400,\"expiryDate\":null,\"enabled\":1,\"parentId\":null,\"fields\":{\"9\":{\"8\":{\"type\":\"rowImage\",\"enabled\":\"1\",\"fields\":{\"projectImage\":[\"7\"],\"imageWidth\":\"9\",\"imageOffset\":\"1\"}},\"9\":{\"type\":\"rowText\",\"enabled\":\"1\",\"fields\":{\"projectText\":\"The web format is challenged by exploring the void between analog and digital media, expressed as a flexible design that responds to the screen resolution \\u2013 and to print. Through interviews with leading design studios, the content informed the design process. Reformat aims to change the existing mindset by proving that print today often is one of many states of digital objects.\",\"textWidth\":\"5\",\"textOffset\":\"2\"}}},\"3\":\"2\",\"5\":\"Magazine\",\"4\":\"50\"}}', '2017-05-26 11:28:39', '2017-05-26 11:28:39', 'b5705b4b-f78a-4c4f-aed6-493852c4d3c1'),
 ('13', '4', '3', '1', 'en_us', '10', '', '{\"typeId\":\"3\",\"authorId\":\"1\",\"title\":\"Reformat\",\"slug\":\"reformat\",\"postDate\":1322726400,\"expiryDate\":null,\"enabled\":1,\"parentId\":null,\"fields\":{\"9\":{\"8\":{\"type\":\"rowImage\",\"enabled\":\"1\",\"fields\":{\"projectImage\":[\"7\"],\"imageWidth\":\"8\",\"imageOffset\":\"1\"}},\"9\":{\"type\":\"rowText\",\"enabled\":\"1\",\"fields\":{\"projectText\":\"The web format is challenged by exploring the void between analog and digital media, expressed as a flexible design that responds to the screen resolution \\u2013 and to print. Through interviews with leading design studios, the content informed the design process. Reformat aims to change the existing mindset by proving that print today often is one of many states of digital objects.\",\"textWidth\":\"5\",\"textOffset\":\"2\"}}},\"3\":\"2\",\"5\":\"Magazine\",\"4\":\"50\"}}', '2017-05-26 11:53:36', '2017-05-26 11:53:36', '551841d4-eab3-48c6-b249-3122c71271f4'),
 ('14', '4', '3', '1', 'en_us', '11', '', '{\"typeId\":\"3\",\"authorId\":\"1\",\"title\":\"Reformat\",\"slug\":\"reformat\",\"postDate\":1322726400,\"expiryDate\":null,\"enabled\":1,\"parentId\":null,\"fields\":{\"9\":{\"8\":{\"type\":\"rowImage\",\"enabled\":\"1\",\"fields\":{\"projectImage\":[\"7\"],\"imageWidth\":\"8\",\"imageOffset\":\"1\"}},\"9\":{\"type\":\"rowText\",\"enabled\":\"1\",\"fields\":{\"projectText\":\"The web format is challenged by exploring the void between analog and digital media, expressed as a flexible design that responds to the screen resolution \\u2013 and to print. Through interviews with leading design studios, the content informed the design process. Reformat aims to change the existing mindset by proving that print today often is one of many states of digital objects.\",\"textWidth\":\"5\",\"textOffset\":\"2\"}}},\"3\":\"2\",\"16\":\"A magazine being responsive beyond screens.\\r\\nThe magazine format is challenged by exploring the unconquered space between analog and digital media, expressed as a flexible design that responds to the screen resolution \\u2013 and to print. Through interviews with leading design studios, the content informed the design process. Reformat aims to change the existing mindset by proving that print can be one of many possible states of digital objects.\",\"5\":\"Magazine\",\"4\":\"50\"}}', '2017-05-26 13:26:05', '2017-05-26 13:26:05', 'dcbe9045-4dfc-4fe5-aece-b6cc67aae434'),
 ('15', '4', '3', '1', 'en_us', '12', '', '{\"typeId\":\"3\",\"authorId\":\"1\",\"title\":\"Reformat\",\"slug\":\"reformat\",\"postDate\":1322726400,\"expiryDate\":null,\"enabled\":1,\"parentId\":null,\"fields\":{\"9\":{\"8\":{\"type\":\"rowImage\",\"enabled\":\"1\",\"fields\":{\"projectImage\":[\"7\"],\"imageWidth\":\"8\",\"imageOffset\":\"1\"}},\"9\":{\"type\":\"rowText\",\"enabled\":\"1\",\"fields\":{\"projectText\":\"The web format is challenged by exploring the void between analog and digital media, expressed as a flexible design that responds to the screen resolution \\u2013 and to print. Through interviews with leading design studios, the content informed the design process. Reformat aims to change the existing mindset by proving that print today often is one of many states of digital objects.\",\"textWidth\":\"5\",\"textOffset\":\"2\"}}},\"3\":\"2\",\"16\":\"A magazine being responsive beyond screens.\\r\\nThe magazine format is challenged by exploring the unconquered space between analog and digital media, expressed as a flexible design that responds to the screen resolution \\u2013 and to print. Through interviews with leading design studios, the content informed the design process. Reformat aims to change the existing mindset by proving that print can be one of many possible states of digital objects.\",\"17\":\"2011\\u20132012\",\"5\":\"Magazine\",\"4\":\"50\"}}', '2017-05-26 13:27:07', '2017-05-26 13:27:07', 'eb749b5d-d70e-4b87-a156-d64ed5f7fbc4'),
 ('16', '4', '3', '1', 'en_us', '13', '', '{\"typeId\":\"3\",\"authorId\":\"1\",\"title\":\"Reformat\",\"slug\":\"reformat\",\"postDate\":1322726400,\"expiryDate\":null,\"enabled\":1,\"parentId\":null,\"fields\":{\"9\":{\"8\":{\"type\":\"rowImage\",\"enabled\":\"1\",\"fields\":{\"projectImage\":[\"7\"],\"imageWidth\":\"8\",\"imageOffset\":\"1\"}},\"9\":{\"type\":\"rowText\",\"enabled\":\"1\",\"fields\":{\"projectText\":\"The web format is challenged by exploring the void between analog and digital media, expressed as a flexible design that responds to the screen resolution \\u2013 and to print. Through interviews with leading design studios, the content informed the design process. Reformat aims to change the existing mindset by proving that print today often is one of many states of digital objects.\",\"textWidth\":\"5\",\"textOffset\":\"2\"}}},\"3\":\"2\",\"16\":\"<p>A magazine being responsive beyond screens.<\\/p><p>The magazine format is challenged by exploring the unconquered space between analog and digital media, expressed as a flexible design that responds to the screen resolution \\u2013 and to print. Through interviews with leading design studios, the content informed the design process. Reformat aims to change the existing mindset by proving that print can be one of many possible states of digital objects.<\\/p>\",\"17\":\"2011\\u20132012\",\"5\":\"Magazine\",\"4\":\"50\"}}', '2017-05-26 13:32:02', '2017-05-26 13:32:02', '8334a1ba-c482-4c54-9807-02df7fdc4e11'),
 ('17', '4', '3', '1', 'en_us', '14', '', '{\"typeId\":\"3\",\"authorId\":\"1\",\"title\":\"Reformat\",\"slug\":\"reformat\",\"postDate\":1322726400,\"expiryDate\":null,\"enabled\":1,\"parentId\":null,\"fields\":{\"9\":{\"8\":{\"type\":\"rowImage\",\"enabled\":\"1\",\"fields\":{\"projectImage\":[\"7\"],\"imageWidth\":\"8\",\"imageOffset\":\"1\"}},\"9\":{\"type\":\"rowText\",\"enabled\":\"1\",\"fields\":{\"projectText\":\"The web format is challenged by exploring the void between analog and digital media, expressed as a flexible design that responds to the screen resolution \\u2013 and to print. Through interviews with leading design studios, the content informed the design process. Reformat aims to change the existing mindset by proving that print today often is one of many states of digital objects.\",\"textWidth\":\"5\",\"textOffset\":\"2\"}}},\"3\":\"2\",\"16\":\"<p>A magazine being responsive beyond screens.<\\/p>\\r\\n<p>The magazine format is challenged by exploring the unconquered space between analog and digital media, expressed as a flexible design that responds to the screen resolution \\u2013 and to print. Through interviews with leading design studios, the content informed the design process. Reformat aims to change the existing mindset by proving that print can be one of many possible states of digital objects.<\\/p>\",\"17\":\"2011\\u20132012\",\"5\":\"Magazine\",\"4\":\"50\"}}', '2017-05-26 13:38:26', '2017-05-26 13:38:26', '299cb07d-850a-4f25-bbdf-332614349881'),
 ('18', '4', '3', '1', 'en_us', '15', '', '{\"typeId\":\"3\",\"authorId\":\"1\",\"title\":\"Reformat\",\"slug\":\"reformat\",\"postDate\":1322726400,\"expiryDate\":null,\"enabled\":1,\"parentId\":null,\"fields\":{\"9\":{\"8\":{\"type\":\"rowImage\",\"enabled\":\"1\",\"fields\":{\"projectImage\":[\"7\"],\"imageWidth\":\"8\",\"imageOffset\":\"1\"}},\"9\":{\"type\":\"rowText\",\"enabled\":\"1\",\"fields\":{\"projectText\":\"The web format is challenged by exploring the void between analog and digital media, expressed as a flexible design that responds to the screen resolution \\u2013 and to print. Through interviews with leading design studios, the content informed the design process. Reformat aims to change the existing mindset by proving that print today often is one of many states of digital objects.\",\"textWidth\":\"5\",\"textOffset\":\"2\"}}},\"3\":\"2\",\"16\":\"<p>A magazine being responsive beyond screens.<\\/p><p>The magazine format is challenged by exploring the unconquered space between analog and digital media, expressed as a flexible design that responds to the screen resolution \\u2013 and to print. Through interviews with leading design studios, the content informed the design process. Reformat aims to change the existing mindset by proving that print can be one of many possible states of digital objects.<\\/p>\",\"17\":\"2011\\u20132012\",\"5\":\"Magazine\",\"4\":\"50\"}}', '2017-05-26 13:39:12', '2017-05-26 13:39:12', '0db58baf-87c9-4988-8bb6-446da3fb21c9'),
 ('19', '4', '3', '1', 'en_us', '16', '', '{\"typeId\":\"3\",\"authorId\":\"1\",\"title\":\"Reformat\",\"slug\":\"reformat\",\"postDate\":1322726400,\"expiryDate\":null,\"enabled\":1,\"parentId\":null,\"fields\":{\"9\":{\"8\":{\"type\":\"rowImage\",\"enabled\":\"1\",\"fields\":{\"projectImage\":[\"7\"],\"imageWidth\":\"8\",\"imageOffset\":\"1\"}},\"9\":{\"type\":\"rowText\",\"enabled\":\"1\",\"fields\":{\"projectText\":\"The web format is challenged by exploring the void between analog and digital media, expressed as a flexible design that responds to the screen resolution \\u2013 and to print. Through interviews with leading design studios, the content informed the design process. Reformat aims to change the existing mindset by proving that print today often is one of many states of digital objects.\",\"textWidth\":\"5\",\"textOffset\":\"2\"}}},\"3\":\"2\",\"16\":\"<p>A magazine being responsive beyond screens.<\\/p><p>The magazine format is challenged by exploring the unconquered space between analog and digital media, expressed as a flexible design that responds to the screen resolution \\u2013 and to print. Through interviews with leading design studios, the content informed the design process. Reformat aims to change the existing mindset by proving that print can be one of many possible states of digital objects.<\\/p>\",\"17\":\"2011\\u20132012\",\"5\":\"Magazine\",\"4\":\"50\"}}', '2017-05-26 13:43:52', '2017-05-26 13:43:52', 'f6f24bae-cd2b-4116-9d2c-474c759261d9'),
 ('20', '10', '3', '1', 'en_us', '2', '', '{\"typeId\":\"3\",\"authorId\":\"1\",\"title\":\"The book about the one who stole my iPhone\",\"slug\":\"the-book-about-the-one-who-stole-my-iphone\",\"postDate\":1349042400,\"expiryDate\":null,\"enabled\":1,\"parentId\":null,\"fields\":{\"9\":\"\",\"3\":\"13\",\"16\":\"<p>As a citizen of the technology-addicted world, I felt the downside of living and archiving my life digitally when my iPhone was stolen. Uncovering my need of communicating through digital devices and the unpleasant feeling of strangers having my personal information, layed the foundation for an eight-week project raising the question: \\u201cHow can the increasing bond between the digital sphere and the physical world be illustrated through a stolen digital device?\\u201d<\\/p><p>Through a mistake by the thief, I got access to this persons contact list and address via iCloud syncronization and Find my iPhone. With this information, I utilized digital channels and databases to gather as much information about this person as possible \\u2013 and in the end I have strong proof of who has my iPhone \\u2013 and a book containing the life of this person.<\\/p>\",\"17\":\"\",\"5\":\"Book\",\"4\":\"25\"}}', '2017-05-26 14:15:20', '2017-05-26 14:15:20', '617aef6c-23cb-4614-a4c0-2194f57cbb17'),
 ('21', '4', '3', '1', 'en_us', '17', '', '{\"typeId\":\"3\",\"authorId\":\"1\",\"title\":\"Reformat\",\"slug\":\"reformat\",\"postDate\":1322726400,\"expiryDate\":null,\"enabled\":1,\"parentId\":null,\"fields\":{\"9\":{\"8\":{\"type\":\"rowImage\",\"enabled\":\"1\",\"fields\":{\"projectImage\":[\"7\"],\"imageWidth\":\"8\",\"imageOffset\":\"1\"}},\"9\":{\"type\":\"rowText\",\"enabled\":\"1\",\"fields\":{\"projectText\":\"The web format is challenged by exploring the void between analog and digital media, expressed as a flexible design that responds to the screen resolution \\u2013 and to print. Through interviews with leading design studios, the content informed the design process. Reformat aims to change the existing mindset by proving that print today often is one of many states of digital objects.\",\"textWidth\":\"5\",\"textOffset\":\"2\"}},\"new1\":{\"type\":\"rowIframe\",\"enabled\":\"1\",\"fields\":{\"iframe\":\"http:\\/\\/reformat.no\\/\"}}},\"3\":\"2\",\"16\":\"<p>A magazine being responsive beyond screens.<\\/p>\\r\\n<p>The magazine format is challenged by exploring the unconquered space between analog and digital media, expressed as a flexible design that responds to the screen resolution \\u2013 and to print. Through interviews with leading design studios, the content informed the design process. Reformat aims to change the existing mindset by proving that print can be one of many possible states of digital objects.<\\/p>\",\"17\":\"2011\\u20132012\",\"5\":\"Magazine\",\"4\":\"50\"}}', '2017-05-26 14:33:59', '2017-05-26 14:33:59', '688974d8-4b37-44b0-beab-ec9ddcb58e82'),
 ('22', '4', '3', '1', 'en_us', '18', '', '{\"typeId\":\"3\",\"authorId\":\"1\",\"title\":\"Reformat\",\"slug\":\"reformat\",\"postDate\":1322726400,\"expiryDate\":null,\"enabled\":1,\"parentId\":null,\"fields\":{\"9\":{\"8\":{\"type\":\"rowImage\",\"enabled\":\"1\",\"fields\":{\"projectImage\":[\"7\"],\"imageWidth\":\"8\",\"imageOffset\":\"1\"}},\"9\":{\"type\":\"rowText\",\"enabled\":\"1\",\"fields\":{\"projectText\":\"The web format is challenged by exploring the void between analog and digital media, expressed as a flexible design that responds to the screen resolution \\u2013 and to print. Through interviews with leading design studios, the content informed the design process. Reformat aims to change the existing mindset by proving that print today often is one of many states of digital objects.\",\"textWidth\":\"5\",\"textOffset\":\"2\"}},\"11\":{\"type\":\"rowIframe\",\"enabled\":\"1\",\"fields\":{\"iframe\":\"http:\\/\\/reformat.no\\/\"}},\"new1\":{\"type\":\"rowVideo\",\"enabled\":\"1\",\"fields\":{\"videoType\":\"embed\",\"videoEmbed\":\"<div style=\\\"position:relative;height:0;padding-bottom:56.25%\\\"><iframe src=\\\"https:\\/\\/www.youtube-nocookie.com\\/embed\\/wScYn10D2vo?rel=0&amp;controls=0&amp;showinfo=0?ecver=2\\\" width=\\\"640\\\" height=\\\"360\\\" frameborder=\\\"0\\\" style=\\\"position:absolute;width:100%;height:100%;left:0\\\" allowfullscreen><\\/iframe><\\/div>\",\"videoUpload\":\"\",\"videoWidth\":\"8\",\"videoOffset\":\"3\"}},\"new2\":{\"type\":\"rowVideo\",\"enabled\":\"1\",\"fields\":{\"videoType\":\"embed\",\"videoEmbed\":\"<iframe src=\\\"https:\\/\\/player.vimeo.com\\/video\\/124303364?color=ffffff&title=0&byline=0&portrait=0\\\" width=\\\"640\\\" height=\\\"360\\\" frameborder=\\\"0\\\" webkitallowfullscreen mozallowfullscreen allowfullscreen><\\/iframe>\",\"videoUpload\":\"\",\"videoWidth\":\"9\",\"videoOffset\":\"1\"}},\"new3\":{\"type\":\"rowVideo\",\"enabled\":\"1\",\"fields\":{\"videoType\":\"upload\",\"videoEmbed\":\"\",\"videoUpload\":[\"12\"],\"videoWidth\":\"10\",\"videoOffset\":\"0\"}}},\"3\":\"2\",\"16\":\"<p>A magazine being responsive beyond screens.<\\/p>\\r\\n<p>The magazine format is challenged by exploring the unconquered space between analog and digital media, expressed as a flexible design that responds to the screen resolution \\u2013 and to print. Through interviews with leading design studios, the content informed the design process. Reformat aims to change the existing mindset by proving that print can be one of many possible states of digital objects.<\\/p>\",\"17\":\"2011\\u20132012\",\"5\":\"Magazine\",\"4\":\"50\"}}', '2017-05-28 11:15:50', '2017-05-28 11:15:50', '1d447ebf-97ee-4d74-8cf9-5ccac040d799'),
 ('23', '4', '3', '1', 'en_us', '19', '', '{\"typeId\":\"3\",\"authorId\":\"1\",\"title\":\"Reformat\",\"slug\":\"reformat\",\"postDate\":1322726400,\"expiryDate\":null,\"enabled\":1,\"parentId\":null,\"fields\":{\"9\":{\"8\":{\"type\":\"rowImage\",\"enabled\":\"1\",\"fields\":{\"projectImage\":[\"7\"],\"imageWidth\":\"8\",\"imageOffset\":\"1\"}},\"9\":{\"type\":\"rowText\",\"enabled\":\"1\",\"fields\":{\"projectText\":\"The web format is challenged by exploring the void between analog and digital media, expressed as a flexible design that responds to the screen resolution \\u2013 and to print. Through interviews with leading design studios, the content informed the design process. Reformat aims to change the existing mindset by proving that print today often is one of many states of digital objects.\",\"textWidth\":\"5\",\"textOffset\":\"2\"}}},\"3\":\"2\",\"16\":\"<p>A magazine being responsive beyond screens.<\\/p>\\r\\n<p>The magazine format is challenged by exploring the unconquered space between analog and digital media, expressed as a flexible design that responds to the screen resolution \\u2013 and to print. Through interviews with leading design studios, the content informed the design process. Reformat aims to change the existing mindset by proving that print can be one of many possible states of digital objects.<\\/p>\",\"17\":\"2011\\u20132012\",\"5\":\"Magazine\",\"4\":\"50\"}}', '2017-05-28 13:17:48', '2017-05-28 13:17:48', '3de32f39-b6c3-43f2-9746-634e471916a9');



DROP TABLE IF EXISTS `craft_fieldgroups`;


--
-- Schema for table `craft_fieldgroups`
--
CREATE TABLE `craft_fieldgroups` (
  `id` int(11) NOT NULL AUTO_INCREMENT,
  `name` varchar(255) COLLATE utf8_unicode_ci NOT NULL,
  `dateCreated` datetime NOT NULL,
  `dateUpdated` datetime NOT NULL,
  `uid` char(36) COLLATE utf8_unicode_ci NOT NULL DEFAULT '0',
  PRIMARY KEY (`id`),
  UNIQUE KEY `craft_fieldgroups_name_unq_idx` (`name`)
) ENGINE=InnoDB AUTO_INCREMENT=4 DEFAULT CHARSET=utf8 COLLATE=utf8_unicode_ci;

--
-- Data for table `craft_fieldgroups`
--

INSERT INTO `craft_fieldgroups` (`id`, `name`, `dateCreated`, `dateUpdated`, `uid`) VALUES
 ('2', 'Project', '2017-05-23 21:06:24', '2017-05-23 21:06:24', '8324fd8e-a806-4ac4-b79a-97f1af3e5d47'),
 ('3', 'Globals', '2017-05-23 21:44:32', '2017-05-23 21:44:32', '8092a13f-2f99-467c-84a2-14f11ae1d55d');



DROP TABLE IF EXISTS `craft_fieldlayoutfields`;


--
-- Schema for table `craft_fieldlayoutfields`
--
CREATE TABLE `craft_fieldlayoutfields` (
  `id` int(11) NOT NULL AUTO_INCREMENT,
  `layoutId` int(11) NOT NULL,
  `tabId` int(11) NOT NULL,
  `fieldId` int(11) NOT NULL,
  `required` tinyint(1) unsigned NOT NULL DEFAULT '0',
  `sortOrder` smallint(6) unsigned DEFAULT NULL,
  `dateCreated` datetime NOT NULL,
  `dateUpdated` datetime NOT NULL,
  `uid` char(36) COLLATE utf8_unicode_ci NOT NULL DEFAULT '0',
  PRIMARY KEY (`id`),
  UNIQUE KEY `craft_fieldlayoutfields_layoutId_fieldId_unq_idx` (`layoutId`,`fieldId`),
  KEY `craft_fieldlayoutfields_sortOrder_idx` (`sortOrder`),
  KEY `craft_fieldlayoutfields_tabId_fk` (`tabId`),
  KEY `craft_fieldlayoutfields_fieldId_fk` (`fieldId`)
) ENGINE=InnoDB AUTO_INCREMENT=106 DEFAULT CHARSET=utf8 COLLATE=utf8_unicode_ci;

--
-- Data for table `craft_fieldlayoutfields`
--

INSERT INTO `craft_fieldlayoutfields` (`id`, `layoutId`, `tabId`, `fieldId`, `required`, `sortOrder`, `dateCreated`, `dateUpdated`, `uid`) VALUES
 ('10', '13', '6', '8', '1', '1', '2017-05-23 21:47:42', '2017-05-23 21:47:42', '575d7c22-33ab-4870-badc-a737940418c5'),
 ('85', '44', '36', '10', '0', '1', '2017-05-28 13:15:15', '2017-05-28 13:15:15', '9f6f0af2-1f73-421b-8c51-d4a846984da1'),
 ('86', '44', '36', '11', '1', '2', '2017-05-28 13:15:15', '2017-05-28 13:15:15', '1ce3dccd-be0f-4c94-9f7b-326835fd29a7'),
 ('87', '44', '36', '12', '1', '3', '2017-05-28 13:15:15', '2017-05-28 13:15:15', 'cdf18417-a808-4034-ac2c-9ce5990ebf0c'),
 ('88', '45', '37', '13', '0', '1', '2017-05-28 13:15:15', '2017-05-28 13:15:15', '166a59dc-d0f4-41da-a39a-6c3130c8fc3e'),
 ('89', '45', '37', '14', '1', '2', '2017-05-28 13:15:15', '2017-05-28 13:15:15', '6d8c5114-678e-4ab8-a43c-c0eeacfe0085'),
 ('90', '45', '37', '15', '1', '3', '2017-05-28 13:15:15', '2017-05-28 13:15:15', '38005b98-6528-474c-87ed-18f57f90291f'),
 ('91', '46', '38', '18', '1', '1', '2017-05-28 13:15:15', '2017-05-28 13:15:15', '7edcabf3-b772-4203-967a-2d96b7a4d3c1'),
 ('92', '46', '38', '19', '0', '2', '2017-05-28 13:15:15', '2017-05-28 13:15:15', '5438c605-48ec-4202-a696-b7a4f61977b0'),
 ('93', '46', '38', '20', '0', '3', '2017-05-28 13:15:15', '2017-05-28 13:15:15', 'a6d5c133-60e6-4d92-af4a-63c0b624b383'),
 ('94', '46', '38', '22', '1', '4', '2017-05-28 13:15:15', '2017-05-28 13:15:15', '8735c33f-56f9-4aa0-9fce-935c528017c9'),
 ('95', '46', '38', '23', '1', '5', '2017-05-28 13:15:15', '2017-05-28 13:15:15', '6ac84047-21a0-418e-891b-5cc2bd5f71fe'),
 ('96', '47', '39', '21', '0', '1', '2017-05-28 13:15:15', '2017-05-28 13:15:15', '92a5c28a-bea6-4742-b47b-0c999101ac3d'),
 ('97', '48', '40', '26', '0', '1', '2017-05-28 19:52:27', '2017-05-28 19:52:27', 'd0935ba3-7760-45ad-93cc-12231cad3fae'),
 ('98', '48', '40', '27', '0', '2', '2017-05-28 19:52:27', '2017-05-28 19:52:27', '3e17eafa-9fd7-48c4-a26a-dddca9adb722'),
 ('99', '49', '41', '5', '0', '1', '2017-05-28 19:53:12', '2017-05-28 19:53:12', '05869b11-fc74-4f10-aea1-098c64d31a9b'),
 ('100', '49', '41', '16', '0', '2', '2017-05-28 19:53:12', '2017-05-28 19:53:12', '90869c59-34bb-4ff0-aebb-bfbf441db052'),
 ('101', '49', '41', '17', '0', '3', '2017-05-28 19:53:12', '2017-05-28 19:53:12', 'd0cc5abe-9233-4dcc-b599-6441a0ea4076'),
 ('102', '49', '41', '3', '0', '4', '2017-05-28 19:53:12', '2017-05-28 19:53:12', '096a318f-37bc-46f2-bb35-366473991071'),
 ('103', '49', '41', '4', '0', '5', '2017-05-28 19:53:12', '2017-05-28 19:53:12', 'bbff518b-d1a4-4e96-becb-963a79be64f6'),
 ('104', '49', '42', '9', '0', '1', '2017-05-28 19:53:12', '2017-05-28 19:53:12', 'b093a45c-eb6c-4bdd-b6fa-d1d1427ce91d'),
 ('105', '49', '43', '25', '0', '1', '2017-05-28 19:53:12', '2017-05-28 19:53:12', 'e28d6662-2a24-45c0-a454-9adec3734a2e');



DROP TABLE IF EXISTS `craft_fieldlayouts`;


--
-- Schema for table `craft_fieldlayouts`
--
CREATE TABLE `craft_fieldlayouts` (
  `id` int(11) NOT NULL AUTO_INCREMENT,
  `type` varchar(150) COLLATE utf8_unicode_ci NOT NULL,
  `dateCreated` datetime NOT NULL,
  `dateUpdated` datetime NOT NULL,
  `uid` char(36) COLLATE utf8_unicode_ci NOT NULL DEFAULT '0',
  PRIMARY KEY (`id`),
  KEY `craft_fieldlayouts_type_idx` (`type`)
) ENGINE=InnoDB AUTO_INCREMENT=50 DEFAULT CHARSET=utf8 COLLATE=utf8_unicode_ci;

--
-- Data for table `craft_fieldlayouts`
--

INSERT INTO `craft_fieldlayouts` (`id`, `type`, `dateCreated`, `dateUpdated`, `uid`) VALUES
 ('1', 'Tag', '2017-05-22 21:08:51', '2017-05-22 21:08:51', '342ab617-9bb0-46db-83d9-252355ebbd31'),
 ('3', 'Entry', '2017-05-22 21:08:51', '2017-05-22 21:08:51', '3c320982-6ffc-4bde-9350-2b1886000ba9'),
 ('13', 'GlobalSet', '2017-05-23 21:47:42', '2017-05-23 21:47:42', '255b3f35-d133-4acf-9a2a-1a28fd88f498'),
 ('22', 'Asset', '2017-05-25 21:31:02', '2017-05-25 21:31:02', '3ab8a682-8a0b-46a6-b770-d420ecf004c4'),
 ('44', 'MatrixBlock', '2017-05-28 13:15:15', '2017-05-28 13:15:15', '46352ad2-e2a6-4585-b786-ff28c74c88f6'),
 ('45', 'MatrixBlock', '2017-05-28 13:15:15', '2017-05-28 13:15:15', '3dd3454e-7e21-422c-90c7-2b70cf1774d1'),
 ('46', 'MatrixBlock', '2017-05-28 13:15:15', '2017-05-28 13:15:15', '86120652-fcf1-440b-ab92-6ebc1a3225d6'),
 ('47', 'MatrixBlock', '2017-05-28 13:15:15', '2017-05-28 13:15:15', '1a295d31-6eac-4fdf-9f84-21c208c86be0'),
 ('48', 'MatrixBlock', '2017-05-28 19:52:27', '2017-05-28 19:52:27', 'cc359ca8-6e41-4837-9ee2-dd2e61da4546'),
 ('49', 'Entry', '2017-05-28 19:53:12', '2017-05-28 19:53:12', 'ff602b62-f7be-4b13-b52e-98e0ed3945b0');



DROP TABLE IF EXISTS `craft_fieldlayouttabs`;


--
-- Schema for table `craft_fieldlayouttabs`
--
CREATE TABLE `craft_fieldlayouttabs` (
  `id` int(11) NOT NULL AUTO_INCREMENT,
  `layoutId` int(11) NOT NULL,
  `name` varchar(255) COLLATE utf8_unicode_ci NOT NULL,
  `sortOrder` smallint(6) unsigned DEFAULT NULL,
  `dateCreated` datetime NOT NULL,
  `dateUpdated` datetime NOT NULL,
  `uid` char(36) COLLATE utf8_unicode_ci NOT NULL DEFAULT '0',
  PRIMARY KEY (`id`),
  KEY `craft_fieldlayouttabs_sortOrder_idx` (`sortOrder`),
  KEY `craft_fieldlayouttabs_layoutId_fk` (`layoutId`)
) ENGINE=InnoDB AUTO_INCREMENT=44 DEFAULT CHARSET=utf8 COLLATE=utf8_unicode_ci;

--
-- Data for table `craft_fieldlayouttabs`
--

INSERT INTO `craft_fieldlayouttabs` (`id`, `layoutId`, `name`, `sortOrder`, `dateCreated`, `dateUpdated`, `uid`) VALUES
 ('1', '3', 'Content', '1', '2017-05-22 21:08:51', '2017-05-22 21:08:51', 'dced33ed-e687-4ad7-9ae4-900fd1bd63f0'),
 ('6', '13', 'Content', '1', '2017-05-23 21:47:42', '2017-05-23 21:47:42', 'b2475144-a9ec-4f3d-8ea5-b90ac9812715'),
 ('36', '44', 'Content', '1', '2017-05-28 13:15:15', '2017-05-28 13:15:15', 'ac717b68-ff16-42ca-8b5a-3c0a9a280cc9'),
 ('37', '45', 'Content', '1', '2017-05-28 13:15:15', '2017-05-28 13:15:15', 'dd3b1758-c347-4cd7-82c3-d9d4fcb89508'),
 ('38', '46', 'Content', '1', '2017-05-28 13:15:15', '2017-05-28 13:15:15', '9d4cf5cf-0994-4d28-afb6-99ff6a16360f'),
 ('39', '47', 'Content', '1', '2017-05-28 13:15:15', '2017-05-28 13:15:15', 'b6076066-96f7-4f92-987f-f2483ee4ae4c'),
 ('40', '48', 'Content', '1', '2017-05-28 19:52:27', '2017-05-28 19:52:27', '484cbc0f-135c-4b7c-a1bd-4644ad12c4fb'),
 ('41', '49', 'Meta', '1', '2017-05-28 19:53:12', '2017-05-28 19:53:12', 'fde83a88-0d98-4ced-8e73-49d95981ce96'),
 ('42', '49', 'Content', '2', '2017-05-28 19:53:12', '2017-05-28 19:53:12', 'fce94cb9-8c30-40e2-b569-f97026b163bf'),
 ('43', '49', 'Thumbnails', '3', '2017-05-28 19:53:12', '2017-05-28 19:53:12', '8132f92d-6199-48be-a95e-39803ff25a83');



DROP TABLE IF EXISTS `craft_fields`;


--
-- Schema for table `craft_fields`
--
CREATE TABLE `craft_fields` (
  `id` int(11) NOT NULL AUTO_INCREMENT,
  `groupId` int(11) DEFAULT NULL,
  `name` varchar(255) COLLATE utf8_unicode_ci NOT NULL,
  `handle` varchar(58) COLLATE utf8_unicode_ci NOT NULL,
  `context` varchar(255) COLLATE utf8_unicode_ci NOT NULL DEFAULT 'global',
  `instructions` text COLLATE utf8_unicode_ci,
  `translatable` tinyint(1) unsigned NOT NULL DEFAULT '0',
  `type` varchar(150) COLLATE utf8_unicode_ci NOT NULL,
  `settings` text COLLATE utf8_unicode_ci,
  `dateCreated` datetime NOT NULL,
  `dateUpdated` datetime NOT NULL,
  `uid` char(36) COLLATE utf8_unicode_ci NOT NULL DEFAULT '0',
  PRIMARY KEY (`id`),
  UNIQUE KEY `craft_fields_handle_context_unq_idx` (`handle`,`context`),
  KEY `craft_fields_context_idx` (`context`),
  KEY `craft_fields_groupId_fk` (`groupId`)
) ENGINE=InnoDB AUTO_INCREMENT=28 DEFAULT CHARSET=utf8 COLLATE=utf8_unicode_ci;

--
-- Data for table `craft_fields`
--

INSERT INTO `craft_fields` (`id`, `groupId`, `name`, `handle`, `context`, `instructions`, `translatable`, `type`, `settings`, `dateCreated`, `dateUpdated`, `uid`) VALUES
 ('3', '2', 'Horizontal position', 'xPosition', 'global', 'Number refers to percentages based on container width, measured from left edge of container to left edge of project title.', '0', 'Number', '{\"min\":\"0\",\"max\":\"80\",\"decimals\":\"1\"}', '2017-05-23 21:10:33', '2017-05-23 21:10:33', 'c3aeb71c-a6f0-4f15-87d8-7659df79d9ff'),
 ('4', '2', 'Vertical position', 'yPosition', 'global', 'Number refers to percentages based on container height, measured from top edge of container to top edge of project title.', '0', 'Number', '{\"min\":\"0\",\"max\":\"95\",\"decimals\":\"1\"}', '2017-05-23 21:11:06', '2017-05-23 21:11:06', '2c21c3c5-cd79-4825-929e-e8a8f80f18b8'),
 ('5', '2', 'Typology', 'typology', 'global', 'E.g. \"Book\". Line breaks and multiple typologies allowed.', '0', 'PlainText', '{\"placeholder\":\"\",\"maxLength\":\"\",\"multiline\":\"1\",\"initialRows\":\"2\"}', '2017-05-23 21:13:25', '2017-05-26 13:23:46', 'b55246f1-1881-4556-a792-fa86b03ab35c'),
 ('8', '3', 'Timeline start year', 'timelineStartYear', 'global', 'Shows as the start year of the x axis in the coordinate system.', '0', 'PlainText', '{\"placeholder\":\"2011\",\"maxLength\":\"4\",\"multiline\":\"\",\"initialRows\":\"4\"}', '2017-05-23 21:45:51', '2017-05-23 21:45:51', '1e33ff52-af8d-4bac-945b-d630c23201a1'),
 ('9', '2', 'Content', 'projectContent', 'global', '', '0', 'Matrix', '{\"maxBlocks\":null}', '2017-05-25 20:19:41', '2017-05-28 13:15:15', '9274b56a-c01a-4e19-b043-781faaef6cea'),
 ('10', NULL, 'Image', 'projectImage', 'matrixBlockType:1', '', '0', 'Assets', '{\"useSingleFolder\":\"1\",\"sources\":[\"folder:1\"],\"defaultUploadLocationSource\":\"1\",\"defaultUploadLocationSubpath\":\"\",\"singleUploadLocationSource\":\"1\",\"singleUploadLocationSubpath\":\"\",\"restrictFiles\":\"1\",\"allowedKinds\":[\"image\"],\"limit\":\"1\",\"viewMode\":\"large\",\"selectionLabel\":\"Add a project image\"}', '2017-05-25 20:19:42', '2017-05-28 13:15:15', '8c7562fc-c56c-477c-9f8c-957d7b5311c6'),
 ('11', NULL, 'Image width', 'imageWidth', 'matrixBlockType:1', 'Number of columns image should span. Max 11. Important: do the math so image width and image offset never exceed 11.', '0', 'Number', '{\"min\":\"1\",\"max\":\"11\",\"decimals\":\"0\"}', '2017-05-25 20:19:42', '2017-05-28 13:15:15', '77c5cd13-54a7-430e-98c7-dbeec75e5d69'),
 ('12', NULL, 'Image offset', 'imageOffset', 'matrixBlockType:1', 'Image offset, max 10. Important: do the math so image width and image offset never exceed 11.', '0', 'Number', '{\"min\":\"0\",\"max\":\"10\",\"decimals\":\"0\"}', '2017-05-25 20:19:42', '2017-05-28 13:15:15', '40d625f1-14dc-4c5f-9e3d-d3dccc8f089c'),
 ('13', NULL, 'Project text', 'projectText', 'matrixBlockType:2', '', '0', 'PlainText', '{\"placeholder\":\"\",\"maxLength\":\"\",\"multiline\":\"1\",\"initialRows\":\"4\"}', '2017-05-25 23:19:54', '2017-05-28 13:15:15', '30b2a441-fe11-4cfd-8832-de2abb5d540c'),
 ('14', NULL, 'Text width', 'textWidth', 'matrixBlockType:2', '', '0', 'Number', '{\"min\":\"3\",\"max\":\"11\",\"decimals\":\"0\"}', '2017-05-25 23:39:35', '2017-05-28 13:15:15', 'e232fa19-d89e-4fc6-a7e7-c6f38d150439'),
 ('15', NULL, 'Text offset', 'textOffset', 'matrixBlockType:2', '', '0', 'Number', '{\"min\":\"0\",\"max\":\"8\",\"decimals\":\"0\"}', '2017-05-25 23:39:35', '2017-05-28 13:15:15', '802e7dd6-cdd2-4dd0-8ec0-e1f7cd214e5b'),
 ('16', '2', 'Preamble', 'preamble', 'global', '', '0', 'RichText', '{\"configFile\":\"Preamble.json\",\"availableAssetSources\":\"*\",\"availableTransforms\":\"*\",\"cleanupHtml\":\"1\",\"purifyHtml\":\"1\",\"purifierConfig\":\"\",\"columnType\":\"text\"}', '2017-05-26 13:23:36', '2017-05-26 13:36:54', 'd0fef651-0881-4df1-ae7e-74cc530c6571'),
 ('17', '2', 'Time period', 'timePeriod', 'global', '', '0', 'PlainText', '{\"placeholder\":\"\",\"maxLength\":\"\",\"multiline\":\"\",\"initialRows\":\"4\"}', '2017-05-26 13:26:36', '2017-05-26 13:26:36', 'd21f971c-5ec8-4f3a-955b-8fd5e7ca7d8c'),
 ('18', NULL, 'Video type', 'videoType', 'matrixBlockType:3', 'Upload or embed from external service (YouTube/Vimeo)?', '0', 'Dropdown', '{\"options\":[{\"label\":\"Embed\",\"value\":\"embed\",\"default\":\"\"},{\"label\":\"Upload\",\"value\":\"upload\",\"default\":\"\"}]}', '2017-05-26 14:31:19', '2017-05-28 13:15:15', 'c8ca225d-3280-4c67-869a-11d2e417e2e3'),
 ('19', NULL, 'Embed', 'videoEmbed', 'matrixBlockType:3', 'Paste embed code', '0', 'PlainText', '{\"placeholder\":\"<div style=\\\"position:relative;height:0;padding-bottom:75.0%\\\"><iframe src=\\\"https:\\/\\/www.youtube.com\\/embed\\/Bf9ThtOjGso?ecver=2\\\" width=\\\"480\\\" height=\\\"360\\\" frameborder=\\\"0\\\" style=\\\"position:absolute;width:100%;height:100%;left:0\\\" allowfullscreen><\\/iframe><\\/div>\",\"maxLength\":\"\",\"multiline\":\"\",\"initialRows\":\"4\"}', '2017-05-26 14:31:19', '2017-05-28 13:15:15', '87d7d401-5f69-45d9-971e-773d324a9ff2'),
 ('20', NULL, 'Upload', 'videoUpload', 'matrixBlockType:3', 'Upload video', '0', 'Assets', '{\"useSingleFolder\":\"1\",\"sources\":\"*\",\"defaultUploadLocationSource\":\"1\",\"defaultUploadLocationSubpath\":\"\",\"singleUploadLocationSource\":\"1\",\"singleUploadLocationSubpath\":\"\",\"restrictFiles\":\"1\",\"allowedKinds\":[\"video\"],\"limit\":\"\",\"viewMode\":\"list\",\"selectionLabel\":\"Add a video file\"}', '2017-05-26 14:31:19', '2017-05-28 13:15:15', '4384b1ea-9581-4495-9874-3169ae82fc09'),
 ('21', NULL, 'Iframe', 'iframe', 'matrixBlockType:4', 'Paste URL', '0', 'PlainText', '{\"placeholder\":\"http:\\/\\/www.marius.kim\\/\",\"maxLength\":\"\",\"multiline\":\"\",\"initialRows\":\"4\"}', '2017-05-26 14:32:23', '2017-05-28 13:15:15', '598e773b-ca0a-44a8-8f14-11d1d5a3e5b6'),
 ('22', NULL, 'Video width', 'videoWidth', 'matrixBlockType:3', 'Number of columns video should span. Max 11. Important: do the math so video width and video offset never exceed 11.', '0', 'Number', '{\"min\":\"1\",\"max\":\"11\",\"decimals\":\"0\"}', '2017-05-28 11:11:31', '2017-05-28 13:15:15', 'b73beab9-4038-4498-a1ff-50dd1db0c833'),
 ('23', NULL, 'Video offset', 'videoOffset', 'matrixBlockType:3', 'Video offset, max 10. Important: do the math so video width and video offset never exceed 11.', '0', 'Number', '{\"min\":\"0\",\"max\":\"10\",\"decimals\":\"0\"}', '2017-05-28 11:11:31', '2017-05-28 13:15:15', '95c58ba7-cbb0-4cc8-942b-61d6ccb044f3'),
 ('25', '2', 'Project thumbnails', 'projectThumbs', 'global', '', '0', 'Matrix', '{\"maxBlocks\":\"3\"}', '2017-05-28 19:52:27', '2017-05-28 19:52:27', '236006e0-fcb8-403e-92d2-0b2562357857'),
 ('26', NULL, 'Thumbnail image', 'thumbnailImage', 'matrixBlockType:5', '', '0', 'Assets', '{\"useSingleFolder\":\"1\",\"sources\":\"*\",\"defaultUploadLocationSource\":\"1\",\"defaultUploadLocationSubpath\":\"\",\"singleUploadLocationSource\":\"1\",\"singleUploadLocationSubpath\":\"\",\"restrictFiles\":\"\",\"limit\":\"\",\"viewMode\":\"large\",\"selectionLabel\":\"Add a thumb\"}', '2017-05-28 19:52:27', '2017-05-28 19:52:27', 'f9126bb5-bcdd-4077-8d87-582a7aa72115'),
 ('27', NULL, 'Sprite?', 'sprite', 'matrixBlockType:5', 'Is this i a sprite? If so, it needs to be a 4 images in a 2x2 grid in a single file.', '0', 'Lightswitch', '{\"default\":\"\"}', '2017-05-28 19:52:27', '2017-05-28 19:52:27', '3f0d0b2a-513d-427d-b619-cf8c51d2cfc5');



DROP TABLE IF EXISTS `craft_globalsets`;


--
-- Schema for table `craft_globalsets`
--
CREATE TABLE `craft_globalsets` (
  `id` int(11) NOT NULL,
  `name` varchar(255) COLLATE utf8_unicode_ci NOT NULL,
  `handle` varchar(255) COLLATE utf8_unicode_ci NOT NULL,
  `fieldLayoutId` int(10) DEFAULT NULL,
  `dateCreated` datetime NOT NULL,
  `dateUpdated` datetime NOT NULL,
  `uid` char(36) COLLATE utf8_unicode_ci NOT NULL DEFAULT '0',
  PRIMARY KEY (`id`),
  UNIQUE KEY `craft_globalsets_name_unq_idx` (`name`),
  UNIQUE KEY `craft_globalsets_handle_unq_idx` (`handle`),
  KEY `craft_globalsets_fieldLayoutId_fk` (`fieldLayoutId`)
) ENGINE=InnoDB DEFAULT CHARSET=utf8 COLLATE=utf8_unicode_ci;

--
-- Data for table `craft_globalsets`
--

INSERT INTO `craft_globalsets` (`id`, `name`, `handle`, `fieldLayoutId`, `dateCreated`, `dateUpdated`, `uid`) VALUES
 ('5', 'Site information', 'siteInformation', '13', '2017-05-23 21:43:40', '2017-05-23 21:47:42', '2ce4b2dd-a17a-4ecf-9890-bfea084c8cc2');



DROP TABLE IF EXISTS `craft_info`;


--
-- Schema for table `craft_info`
--
CREATE TABLE `craft_info` (
  `id` int(11) NOT NULL AUTO_INCREMENT,
  `version` varchar(50) COLLATE utf8_unicode_ci NOT NULL,
  `schemaVersion` varchar(15) COLLATE utf8_unicode_ci NOT NULL,
  `edition` tinyint(1) unsigned NOT NULL DEFAULT '0',
  `siteName` varchar(100) COLLATE utf8_unicode_ci NOT NULL,
  `siteUrl` varchar(255) COLLATE utf8_unicode_ci NOT NULL,
  `timezone` varchar(30) COLLATE utf8_unicode_ci DEFAULT NULL,
  `on` tinyint(1) unsigned NOT NULL DEFAULT '0',
  `maintenance` tinyint(1) unsigned NOT NULL DEFAULT '0',
  `dateCreated` datetime NOT NULL,
  `dateUpdated` datetime NOT NULL,
  `uid` char(36) COLLATE utf8_unicode_ci NOT NULL DEFAULT '0',
  PRIMARY KEY (`id`)
) ENGINE=InnoDB AUTO_INCREMENT=2 DEFAULT CHARSET=utf8 COLLATE=utf8_unicode_ci;

--
-- Data for table `craft_info`
--

INSERT INTO `craft_info` (`id`, `version`, `schemaVersion`, `edition`, `siteName`, `siteUrl`, `timezone`, `on`, `maintenance`, `dateCreated`, `dateUpdated`, `uid`) VALUES
 ('1', '2.6.2980', '2.6.9', '0', 'Kim Andre Ottesen', 'http://index', 'Europe/Oslo', '1', '0', '2017-05-22 21:08:44', '2017-05-22 22:25:53', '2e759bc1-a637-4218-8289-fe3f4e5bb186');



DROP TABLE IF EXISTS `craft_locales`;


--
-- Schema for table `craft_locales`
--
CREATE TABLE `craft_locales` (
  `locale` char(12) COLLATE utf8_unicode_ci NOT NULL,
  `sortOrder` smallint(6) unsigned DEFAULT NULL,
  `dateCreated` datetime NOT NULL,
  `dateUpdated` datetime NOT NULL,
  `uid` char(36) COLLATE utf8_unicode_ci NOT NULL DEFAULT '0',
  PRIMARY KEY (`locale`),
  KEY `craft_locales_sortOrder_idx` (`sortOrder`)
) ENGINE=InnoDB DEFAULT CHARSET=utf8 COLLATE=utf8_unicode_ci;

--
-- Data for table `craft_locales`
--

INSERT INTO `craft_locales` (`locale`, `sortOrder`, `dateCreated`, `dateUpdated`, `uid`) VALUES
 ('en_us', '1', '2017-05-22 21:08:44', '2017-05-22 21:08:44', '6651b849-a069-4c2d-901d-d301ef5435e5');



DROP TABLE IF EXISTS `craft_matrixblocks`;


--
-- Schema for table `craft_matrixblocks`
--
CREATE TABLE `craft_matrixblocks` (
  `id` int(11) NOT NULL,
  `ownerId` int(11) NOT NULL,
  `fieldId` int(11) NOT NULL,
  `typeId` int(11) DEFAULT NULL,
  `sortOrder` smallint(6) unsigned DEFAULT NULL,
  `ownerLocale` char(12) COLLATE utf8_unicode_ci DEFAULT NULL,
  `dateCreated` datetime NOT NULL,
  `dateUpdated` datetime NOT NULL,
  `uid` char(36) COLLATE utf8_unicode_ci NOT NULL DEFAULT '0',
  PRIMARY KEY (`id`),
  KEY `craft_matrixblocks_ownerId_idx` (`ownerId`),
  KEY `craft_matrixblocks_fieldId_idx` (`fieldId`),
  KEY `craft_matrixblocks_typeId_idx` (`typeId`),
  KEY `craft_matrixblocks_sortOrder_idx` (`sortOrder`),
  KEY `craft_matrixblocks_ownerLocale_fk` (`ownerLocale`)
) ENGINE=InnoDB DEFAULT CHARSET=utf8 COLLATE=utf8_unicode_ci;

--
-- Data for table `craft_matrixblocks`
--

INSERT INTO `craft_matrixblocks` (`id`, `ownerId`, `fieldId`, `typeId`, `sortOrder`, `ownerLocale`, `dateCreated`, `dateUpdated`, `uid`) VALUES
 ('8', '4', '9', '1', '1', NULL, '2017-05-25 21:20:58', '2017-05-28 13:17:47', 'f542cfc8-6ce9-41e6-91f5-bf8da22a5679'),
 ('9', '4', '9', '2', '2', NULL, '2017-05-25 23:42:23', '2017-05-28 13:17:47', 'a1708f21-63a7-414a-ac4a-b19aba9598ae');



DROP TABLE IF EXISTS `craft_matrixblocktypes`;


--
-- Schema for table `craft_matrixblocktypes`
--
CREATE TABLE `craft_matrixblocktypes` (
  `id` int(11) NOT NULL AUTO_INCREMENT,
  `fieldId` int(11) NOT NULL,
  `fieldLayoutId` int(11) DEFAULT NULL,
  `name` varchar(255) COLLATE utf8_unicode_ci NOT NULL,
  `handle` varchar(255) COLLATE utf8_unicode_ci NOT NULL,
  `sortOrder` smallint(6) unsigned DEFAULT NULL,
  `dateCreated` datetime NOT NULL,
  `dateUpdated` datetime NOT NULL,
  `uid` char(36) COLLATE utf8_unicode_ci NOT NULL DEFAULT '0',
  PRIMARY KEY (`id`),
  UNIQUE KEY `craft_matrixblocktypes_name_fieldId_unq_idx` (`name`,`fieldId`),
  UNIQUE KEY `craft_matrixblocktypes_handle_fieldId_unq_idx` (`handle`,`fieldId`),
  KEY `craft_matrixblocktypes_fieldId_fk` (`fieldId`),
  KEY `craft_matrixblocktypes_fieldLayoutId_fk` (`fieldLayoutId`)
) ENGINE=InnoDB AUTO_INCREMENT=6 DEFAULT CHARSET=utf8 COLLATE=utf8_unicode_ci;

--
-- Data for table `craft_matrixblocktypes`
--

INSERT INTO `craft_matrixblocktypes` (`id`, `fieldId`, `fieldLayoutId`, `name`, `handle`, `sortOrder`, `dateCreated`, `dateUpdated`, `uid`) VALUES
 ('1', '9', '44', 'Image', 'rowImage', '1', '2017-05-25 20:19:42', '2017-05-28 13:15:15', '479411d9-00b3-4b08-828f-dcd2f285a3d3'),
 ('2', '9', '45', 'Text', 'rowText', '2', '2017-05-25 23:19:54', '2017-05-28 13:15:15', '4aabba56-75de-43af-a132-6bec0c227733'),
 ('3', '9', '46', 'Video', 'rowVideo', '3', '2017-05-26 14:31:19', '2017-05-28 13:15:15', '303c5862-2cc3-4169-b6d4-60174772cb5b'),
 ('4', '9', '47', 'iFrame', 'rowIframe', '4', '2017-05-26 14:32:23', '2017-05-28 13:15:15', '736edaf6-1a59-41a0-b1be-bffcb7b4967d'),
 ('5', '25', '48', 'Thumbnail', 'thumbnail', '1', '2017-05-28 19:52:27', '2017-05-28 19:52:27', '5cca9881-8c5b-47fd-bd1f-486c341fae9f');



DROP TABLE IF EXISTS `craft_matrixcontent_projectcontent`;


--
-- Schema for table `craft_matrixcontent_projectcontent`
--
CREATE TABLE `craft_matrixcontent_projectcontent` (
  `id` int(11) NOT NULL AUTO_INCREMENT,
  `elementId` int(11) NOT NULL,
  `locale` char(12) COLLATE utf8_unicode_ci NOT NULL,
  `field_rowImage_imageWidth` tinyint(2) unsigned DEFAULT '0',
  `field_rowImage_imageOffset` tinyint(2) unsigned DEFAULT '0',
  `field_rowText_projectText` text COLLATE utf8_unicode_ci,
  `field_rowText_textWidth` tinyint(2) unsigned DEFAULT '0',
  `field_rowText_textOffset` tinyint(1) unsigned DEFAULT '0',
  `field_rowVideo_videoType` varchar(255) COLLATE utf8_unicode_ci DEFAULT NULL,
  `field_rowVideo_videoEmbed` text COLLATE utf8_unicode_ci,
  `field_rowIframe_iframe` text COLLATE utf8_unicode_ci,
  `field_rowVideo_videoWidth` tinyint(2) unsigned DEFAULT '0',
  `field_rowVideo_videoOffset` tinyint(2) unsigned DEFAULT '0',
  `dateCreated` datetime NOT NULL,
  `dateUpdated` datetime NOT NULL,
  `uid` char(36) COLLATE utf8_unicode_ci NOT NULL DEFAULT '0',
  PRIMARY KEY (`id`),
  UNIQUE KEY `craft_matrixcontent_projectcontent_elementId_locale_unq_idx` (`elementId`,`locale`),
  KEY `craft_matrixcontent_projectcontent_locale_fk` (`locale`)
) ENGINE=InnoDB AUTO_INCREMENT=3 DEFAULT CHARSET=utf8 COLLATE=utf8_unicode_ci;

--
-- Data for table `craft_matrixcontent_projectcontent`
--

INSERT INTO `craft_matrixcontent_projectcontent` (`id`, `elementId`, `locale`, `field_rowImage_imageWidth`, `field_rowImage_imageOffset`, `field_rowText_projectText`, `field_rowText_textWidth`, `field_rowText_textOffset`, `field_rowVideo_videoType`, `field_rowVideo_videoEmbed`, `field_rowIframe_iframe`, `field_rowVideo_videoWidth`, `field_rowVideo_videoOffset`, `dateCreated`, `dateUpdated`, `uid`) VALUES
 ('1', '8', 'en_us', '8', '1', NULL, NULL, NULL, NULL, NULL, NULL, NULL, NULL, '2017-05-25 21:20:57', '2017-05-28 13:17:47', '032e2081-3560-4b44-a425-248b1fbcd8e2'),
 ('2', '9', 'en_us', NULL, NULL, 'The web format is challenged by exploring the void between analog and digital media, expressed as a flexible design that responds to the screen resolution – and to print. Through interviews with leading design studios, the content informed the design process. Reformat aims to change the existing mindset by proving that print today often is one of many states of digital objects.', '5', '2', NULL, NULL, NULL, NULL, NULL, '2017-05-25 23:42:23', '2017-05-28 13:17:47', 'dc677e84-cbf7-4a2b-a565-d3c22c56f99c');



DROP TABLE IF EXISTS `craft_matrixcontent_projectthumbs`;


--
-- Schema for table `craft_matrixcontent_projectthumbs`
--
CREATE TABLE `craft_matrixcontent_projectthumbs` (
  `id` int(11) NOT NULL AUTO_INCREMENT,
  `elementId` int(11) NOT NULL,
  `locale` char(12) COLLATE utf8_unicode_ci NOT NULL,
  `field_thumbnail_sprite` tinyint(1) unsigned NOT NULL DEFAULT '0',
  `dateCreated` datetime NOT NULL,
  `dateUpdated` datetime NOT NULL,
  `uid` char(36) COLLATE utf8_unicode_ci NOT NULL DEFAULT '0',
  PRIMARY KEY (`id`),
  UNIQUE KEY `craft_matrixcontent_projectthumbs_elementId_locale_unq_idx` (`elementId`,`locale`),
  KEY `craft_matrixcontent_projectthumbs_locale_fk` (`locale`)
) ENGINE=InnoDB DEFAULT CHARSET=utf8 COLLATE=utf8_unicode_ci;

DROP TABLE IF EXISTS `craft_migrations`;


--
-- Schema for table `craft_migrations`
--
CREATE TABLE `craft_migrations` (
  `id` int(11) NOT NULL AUTO_INCREMENT,
  `pluginId` int(11) DEFAULT NULL,
  `version` varchar(255) COLLATE utf8_unicode_ci NOT NULL,
  `applyTime` datetime NOT NULL,
  `dateCreated` datetime NOT NULL,
  `dateUpdated` datetime NOT NULL,
  `uid` char(36) COLLATE utf8_unicode_ci NOT NULL DEFAULT '0',
  PRIMARY KEY (`id`),
  UNIQUE KEY `craft_migrations_version_unq_idx` (`version`),
  KEY `craft_migrations_pluginId_fk` (`pluginId`)
) ENGINE=InnoDB AUTO_INCREMENT=39 DEFAULT CHARSET=utf8 COLLATE=utf8_unicode_ci;

--
-- Data for table `craft_migrations`
--

INSERT INTO `craft_migrations` (`id`, `pluginId`, `version`, `applyTime`, `dateCreated`, `dateUpdated`, `uid`) VALUES
 ('1', NULL, 'm000000_000000_base', '2017-05-22 21:08:44', '2017-05-22 21:08:44', '2017-05-22 21:08:44', '71d03143-83ab-4b46-abe8-829e238ede21'),
 ('2', NULL, 'm140730_000001_add_filename_and_format_to_transformindex', '2017-05-22 21:08:44', '2017-05-22 21:08:44', '2017-05-22 21:08:44', '280de17c-aec0-45d9-9890-41b0886ff745'),
 ('3', NULL, 'm140815_000001_add_format_to_transforms', '2017-05-22 21:08:44', '2017-05-22 21:08:44', '2017-05-22 21:08:44', '2663d666-ee35-414c-81b0-84c78b88fadf'),
 ('4', NULL, 'm140822_000001_allow_more_than_128_items_per_field', '2017-05-22 21:08:44', '2017-05-22 21:08:44', '2017-05-22 21:08:44', '96b556a7-c8d6-4e21-b6ce-f43d5c0db1ae'),
 ('5', NULL, 'm140829_000001_single_title_formats', '2017-05-22 21:08:44', '2017-05-22 21:08:44', '2017-05-22 21:08:44', 'b1b57308-2814-4196-882d-6af373cf4395'),
 ('6', NULL, 'm140831_000001_extended_cache_keys', '2017-05-22 21:08:44', '2017-05-22 21:08:44', '2017-05-22 21:08:44', 'db724589-9e0d-4be5-a0c8-079b83a63528'),
 ('7', NULL, 'm140922_000001_delete_orphaned_matrix_blocks', '2017-05-22 21:08:44', '2017-05-22 21:08:44', '2017-05-22 21:08:44', '25b98633-b9ac-4fb7-90d1-e6476c4da406'),
 ('8', NULL, 'm141008_000001_elements_index_tune', '2017-05-22 21:08:44', '2017-05-22 21:08:44', '2017-05-22 21:08:44', '498144ee-ceda-45d1-b9d2-0884d913ffbe'),
 ('9', NULL, 'm141009_000001_assets_source_handle', '2017-05-22 21:08:44', '2017-05-22 21:08:44', '2017-05-22 21:08:44', 'aab81099-76f1-4fb4-89ec-9e37ca6ede83'),
 ('10', NULL, 'm141024_000001_field_layout_tabs', '2017-05-22 21:08:44', '2017-05-22 21:08:44', '2017-05-22 21:08:44', '43a50bef-e2a7-437b-b725-c8c76fe8cb1a'),
 ('11', NULL, 'm141030_000000_plugin_schema_versions', '2017-05-22 21:08:44', '2017-05-22 21:08:44', '2017-05-22 21:08:44', '7680eb1a-80ce-46bd-a677-468b575c9f3e'),
 ('12', NULL, 'm141030_000001_drop_structure_move_permission', '2017-05-22 21:08:44', '2017-05-22 21:08:44', '2017-05-22 21:08:44', '2674d09a-0eb6-44ce-aaa6-1b02f31b9e40'),
 ('13', NULL, 'm141103_000001_tag_titles', '2017-05-22 21:08:44', '2017-05-22 21:08:44', '2017-05-22 21:08:44', '82cbd474-922b-4cea-9a59-95dd186a4b61'),
 ('14', NULL, 'm141109_000001_user_status_shuffle', '2017-05-22 21:08:44', '2017-05-22 21:08:44', '2017-05-22 21:08:44', 'd1b92fd3-baaf-4e1c-93f5-017a0a60fc06'),
 ('15', NULL, 'm141126_000001_user_week_start_day', '2017-05-22 21:08:44', '2017-05-22 21:08:44', '2017-05-22 21:08:44', '8e23f7aa-a4c7-47f7-91e5-ea64fb9d1b65'),
 ('16', NULL, 'm150210_000001_adjust_user_photo_size', '2017-05-22 21:08:44', '2017-05-22 21:08:44', '2017-05-22 21:08:44', '759a5d2f-da8f-4358-a9e9-389983b48d82'),
 ('17', NULL, 'm150724_000001_adjust_quality_settings', '2017-05-22 21:08:44', '2017-05-22 21:08:44', '2017-05-22 21:08:44', 'ed36c41e-c06d-4e00-81a2-187c9d48988b'),
 ('18', NULL, 'm150827_000000_element_index_settings', '2017-05-22 21:08:44', '2017-05-22 21:08:44', '2017-05-22 21:08:44', '82caf6d1-fad8-4dea-ba3c-92ffe0a3b253'),
 ('19', NULL, 'm150918_000001_add_colspan_to_widgets', '2017-05-22 21:08:44', '2017-05-22 21:08:44', '2017-05-22 21:08:44', '1f7f3dae-2f83-4d8a-ab2f-23ea8abe4dc6'),
 ('20', NULL, 'm151007_000000_clear_asset_caches', '2017-05-22 21:08:44', '2017-05-22 21:08:44', '2017-05-22 21:08:44', 'd0a7660f-4ea8-4206-8023-0a947730350d'),
 ('21', NULL, 'm151109_000000_text_url_formats', '2017-05-22 21:08:44', '2017-05-22 21:08:44', '2017-05-22 21:08:44', '763be5f6-10b2-4012-a04c-6baee683579e'),
 ('22', NULL, 'm151110_000000_move_logo', '2017-05-22 21:08:44', '2017-05-22 21:08:44', '2017-05-22 21:08:44', '56e2db35-509d-4890-958b-d8943e7bf621'),
 ('23', NULL, 'm151117_000000_adjust_image_widthheight', '2017-05-22 21:08:44', '2017-05-22 21:08:44', '2017-05-22 21:08:44', '3236e244-61b8-4f9d-b9fc-7d258a63e204'),
 ('24', NULL, 'm151127_000000_clear_license_key_status', '2017-05-22 21:08:44', '2017-05-22 21:08:44', '2017-05-22 21:08:44', 'f0694f6a-a8f7-4cce-9a54-082fe6e6b0c6'),
 ('25', NULL, 'm151127_000000_plugin_license_keys', '2017-05-22 21:08:44', '2017-05-22 21:08:44', '2017-05-22 21:08:44', 'a34ca169-5208-4bdd-bd00-afc918ac9d86'),
 ('26', NULL, 'm151130_000000_update_pt_widget_feeds', '2017-05-22 21:08:44', '2017-05-22 21:08:44', '2017-05-22 21:08:44', '80b5effc-4fa8-42cd-9c5f-d34f1bf6697c'),
 ('27', NULL, 'm160114_000000_asset_sources_public_url_default_true', '2017-05-22 21:08:44', '2017-05-22 21:08:44', '2017-05-22 21:08:44', '104a73d0-a070-409b-8a73-2331b8acf771'),
 ('28', NULL, 'm160223_000000_sortorder_to_smallint', '2017-05-22 21:08:44', '2017-05-22 21:08:44', '2017-05-22 21:08:44', 'fd5c7ea3-6f46-4745-95a2-4e071fc06c51'),
 ('29', NULL, 'm160229_000000_set_default_entry_statuses', '2017-05-22 21:08:44', '2017-05-22 21:08:44', '2017-05-22 21:08:44', 'e89be6c2-9da7-4191-b9ef-b2265de30daf'),
 ('30', NULL, 'm160304_000000_client_permissions', '2017-05-22 21:08:44', '2017-05-22 21:08:44', '2017-05-22 21:08:44', 'c83dd959-d126-4323-b380-ad9adcd83de6'),
 ('31', NULL, 'm160322_000000_asset_filesize', '2017-05-22 21:08:44', '2017-05-22 21:08:44', '2017-05-22 21:08:44', '00ca11aa-c038-458b-a792-a2dc5c0b081a'),
 ('32', NULL, 'm160503_000000_orphaned_fieldlayouts', '2017-05-22 21:08:44', '2017-05-22 21:08:44', '2017-05-22 21:08:44', '509d1218-b700-4cb9-b3cb-33f953db74f4'),
 ('33', NULL, 'm160510_000000_tasksettings', '2017-05-22 21:08:44', '2017-05-22 21:08:44', '2017-05-22 21:08:44', '1f599b49-4cfb-4f40-bae0-22845ad1f9b9'),
 ('34', NULL, 'm160829_000000_pending_user_content_cleanup', '2017-05-22 21:08:44', '2017-05-22 21:08:44', '2017-05-22 21:08:44', '44af0d0d-aa8b-4016-945c-6b872fb763d6'),
 ('35', NULL, 'm160830_000000_asset_index_uri_increase', '2017-05-22 21:08:44', '2017-05-22 21:08:44', '2017-05-22 21:08:44', 'd1662151-18b8-4c1d-945c-13a07ed766d4'),
 ('36', NULL, 'm160919_000000_usergroup_handle_title_unique', '2017-05-22 21:08:44', '2017-05-22 21:08:44', '2017-05-22 21:08:44', '0bf4d695-d500-478a-8e4f-b21f22ae18e2'),
 ('37', NULL, 'm161108_000000_new_version_format', '2017-05-22 21:08:44', '2017-05-22 21:08:44', '2017-05-22 21:08:44', '606d4741-5a5b-4108-8754-25f9082a1214'),
 ('38', NULL, 'm161109_000000_index_shuffle', '2017-05-22 21:08:44', '2017-05-22 21:08:44', '2017-05-22 21:08:44', '7b3d2c5e-92a2-490a-8268-d29d6602bbc4');



DROP TABLE IF EXISTS `craft_plugins`;


--
-- Schema for table `craft_plugins`
--
CREATE TABLE `craft_plugins` (
  `id` int(11) NOT NULL AUTO_INCREMENT,
  `class` varchar(150) COLLATE utf8_unicode_ci NOT NULL,
  `version` varchar(15) COLLATE utf8_unicode_ci NOT NULL,
  `schemaVersion` varchar(15) COLLATE utf8_unicode_ci DEFAULT NULL,
  `licenseKey` char(24) COLLATE utf8_unicode_ci DEFAULT NULL,
  `licenseKeyStatus` enum('valid','invalid','mismatched','unknown') COLLATE utf8_unicode_ci NOT NULL DEFAULT 'unknown',
  `enabled` tinyint(1) unsigned NOT NULL DEFAULT '0',
  `settings` text COLLATE utf8_unicode_ci,
  `installDate` datetime NOT NULL,
  `dateCreated` datetime NOT NULL,
  `dateUpdated` datetime NOT NULL,
  `uid` char(36) COLLATE utf8_unicode_ci NOT NULL DEFAULT '0',
  PRIMARY KEY (`id`)
) ENGINE=InnoDB AUTO_INCREMENT=2 DEFAULT CHARSET=utf8 COLLATE=utf8_unicode_ci;

--
-- Data for table `craft_plugins`
--

INSERT INTO `craft_plugins` (`id`, `class`, `version`, `schemaVersion`, `licenseKey`, `licenseKeyStatus`, `enabled`, `settings`, `installDate`, `dateCreated`, `dateUpdated`, `uid`) VALUES
 ('1', 'Typogrify', '1.0.1', NULL, NULL, 'unknown', '1', NULL, '2017-05-26 14:12:11', '2017-05-26 14:12:11', '2017-06-04 10:36:04', '7b6eea4b-2467-434c-8960-9fa28c597916');



DROP TABLE IF EXISTS `craft_rackspaceaccess`;


--
-- Schema for table `craft_rackspaceaccess`
--
CREATE TABLE `craft_rackspaceaccess` (
  `id` int(11) NOT NULL AUTO_INCREMENT,
  `connectionKey` varchar(255) COLLATE utf8_unicode_ci NOT NULL,
  `token` varchar(255) COLLATE utf8_unicode_ci NOT NULL,
  `storageUrl` varchar(255) COLLATE utf8_unicode_ci NOT NULL,
  `cdnUrl` varchar(255) COLLATE utf8_unicode_ci NOT NULL,
  `dateCreated` datetime NOT NULL,
  `dateUpdated` datetime NOT NULL,
  `uid` char(36) COLLATE utf8_unicode_ci NOT NULL DEFAULT '0',
  PRIMARY KEY (`id`),
  UNIQUE KEY `craft_rackspaceaccess_connectionKey_unq_idx` (`connectionKey`)
) ENGINE=InnoDB DEFAULT CHARSET=utf8 COLLATE=utf8_unicode_ci;

DROP TABLE IF EXISTS `craft_relations`;


--
-- Schema for table `craft_relations`
--
CREATE TABLE `craft_relations` (
  `id` int(11) NOT NULL AUTO_INCREMENT,
  `fieldId` int(11) NOT NULL,
  `sourceId` int(11) NOT NULL,
  `sourceLocale` char(12) COLLATE utf8_unicode_ci DEFAULT NULL,
  `targetId` int(11) NOT NULL,
  `sortOrder` smallint(6) DEFAULT NULL,
  `dateCreated` datetime NOT NULL,
  `dateUpdated` datetime NOT NULL,
  `uid` char(36) COLLATE utf8_unicode_ci NOT NULL DEFAULT '0',
  PRIMARY KEY (`id`),
  UNIQUE KEY `craft_relations_fieldId_sourceId_sourceLocale_targetId_unq_idx` (`fieldId`,`sourceId`,`sourceLocale`,`targetId`),
  KEY `craft_relations_sourceId_fk` (`sourceId`),
  KEY `craft_relations_sourceLocale_fk` (`sourceLocale`),
  KEY `craft_relations_targetId_fk` (`targetId`)
) ENGINE=InnoDB AUTO_INCREMENT=18 DEFAULT CHARSET=utf8 COLLATE=utf8_unicode_ci;

--
-- Data for table `craft_relations`
--

INSERT INTO `craft_relations` (`id`, `fieldId`, `sourceId`, `sourceLocale`, `targetId`, `sortOrder`, `dateCreated`, `dateUpdated`, `uid`) VALUES
 ('17', '10', '8', NULL, '7', '1', '2017-05-28 13:17:47', '2017-05-28 13:17:47', '22a8e8f0-9f40-4647-913f-293179167b1a');



DROP TABLE IF EXISTS `craft_routes`;


--
-- Schema for table `craft_routes`
--
CREATE TABLE `craft_routes` (
  `id` int(11) NOT NULL AUTO_INCREMENT,
  `locale` char(12) COLLATE utf8_unicode_ci DEFAULT NULL,
  `urlParts` varchar(255) COLLATE utf8_unicode_ci NOT NULL,
  `urlPattern` varchar(255) COLLATE utf8_unicode_ci NOT NULL,
  `template` varchar(255) COLLATE utf8_unicode_ci NOT NULL,
  `sortOrder` smallint(6) unsigned DEFAULT NULL,
  `dateCreated` datetime NOT NULL,
  `dateUpdated` datetime NOT NULL,
  `uid` char(36) COLLATE utf8_unicode_ci NOT NULL DEFAULT '0',
  PRIMARY KEY (`id`),
  UNIQUE KEY `craft_routes_urlPattern_unq_idx` (`urlPattern`),
  KEY `craft_routes_locale_idx` (`locale`)
) ENGINE=InnoDB DEFAULT CHARSET=utf8 COLLATE=utf8_unicode_ci;

DROP TABLE IF EXISTS `craft_searchindex`;


--
-- Schema for table `craft_searchindex`
--
CREATE TABLE `craft_searchindex` (
  `elementId` int(11) NOT NULL,
  `attribute` varchar(25) COLLATE utf8_unicode_ci NOT NULL,
  `fieldId` int(11) NOT NULL,
  `locale` char(12) COLLATE utf8_unicode_ci NOT NULL,
  `keywords` text COLLATE utf8_unicode_ci NOT NULL,
  PRIMARY KEY (`elementId`,`attribute`,`fieldId`,`locale`),
  FULLTEXT KEY `craft_searchindex_keywords_idx` (`keywords`)
) ENGINE=MyISAM DEFAULT CHARSET=utf8 COLLATE=utf8_unicode_ci;

--
-- Data for table `craft_searchindex`
--

INSERT INTO `craft_searchindex` (`elementId`, `attribute`, `fieldId`, `locale`, `keywords`) VALUES
 ('1', 'username', '0', 'en_us', ' kiman '),
 ('1', 'firstname', '0', 'en_us', ' kim andre '),
 ('1', 'lastname', '0', 'en_us', ' ottesen '),
 ('1', 'fullname', '0', 'en_us', ' kim andre ottesen '),
 ('1', 'email', '0', 'en_us', ' kim andre ottesen gmail com '),
 ('1', 'slug', '0', 'en_us', ''),
 ('2', 'slug', '0', 'en_us', ' homepage '),
 ('2', 'title', '0', 'en_us', ' welcome to index '),
 ('2', 'field', '1', 'en_us', ' it s true this site doesn t have a whole lot of content yet but don t worry our web developers have just installed the cms and they re setting things up for the content editors this very moment soon index will be an oasis of fresh perspectives sharp analyses and astute opinions that will keep you coming back again and again '),
 ('4', 'field', '3', 'en_us', ' 2 '),
 ('4', 'field', '4', 'en_us', ' 50 '),
 ('5', 'slug', '0', 'en_us', ''),
 ('5', 'field', '7', 'en_us', ' kim andre ottesen '),
 ('5', 'field', '8', 'en_us', ' 2011 '),
 ('7', 'filename', '0', 'en_us', ' reformat_1 jpg '),
 ('7', 'extension', '0', 'en_us', ' jpg '),
 ('7', 'kind', '0', 'en_us', ' image '),
 ('7', 'slug', '0', 'en_us', ' reformat 1 '),
 ('4', 'field', '5', 'en_us', ' magazine '),
 ('4', 'slug', '0', 'en_us', ' reformat '),
 ('4', 'title', '0', 'en_us', ' reformat '),
 ('7', 'title', '0', 'en_us', ' reformat 1 '),
 ('4', 'field', '9', 'en_us', ' reformat 1 1 8 the web format is challenged by exploring the void between analog and digital media expressed as a flexible design that responds to the screen resolution and to print through interviews with leading design studios the content informed the design process reformat aims to change the existing mindset by proving that print today often is one of many states of digital objects 2 5 '),
 ('8', 'field', '10', 'en_us', ' reformat 1 '),
 ('8', 'field', '11', 'en_us', ' 8 '),
 ('8', 'field', '12', 'en_us', ' 1 '),
 ('8', 'slug', '0', 'en_us', ''),
 ('9', 'field', '13', 'en_us', ' the web format is challenged by exploring the void between analog and digital media expressed as a flexible design that responds to the screen resolution and to print through interviews with leading design studios the content informed the design process reformat aims to change the existing mindset by proving that print today often is one of many states of digital objects '),
 ('9', 'field', '14', 'en_us', ' 5 '),
 ('9', 'field', '15', 'en_us', ' 2 '),
 ('9', 'slug', '0', 'en_us', ''),
 ('10', 'field', '5', 'en_us', ' book '),
 ('10', 'field', '3', 'en_us', ' 13 '),
 ('10', 'field', '4', 'en_us', ' 25 '),
 ('10', 'field', '9', 'en_us', ''),
 ('10', 'slug', '0', 'en_us', ' the book about the one who stole my iphone '),
 ('10', 'title', '0', 'en_us', ' the book about the one who stole my iphone '),
 ('4', 'field', '16', 'en_us', ' a magazine being responsive beyond screens the magazine format is challenged by exploring the unconquered space between analog and digital media expressed as a flexible design that responds to the screen resolution and to print through interviews with leading design studios the content informed the design process reformat aims to change the existing mindset by proving that print can be one of many possible states of digital objects '),
 ('4', 'field', '17', 'en_us', ' 2011 2012 '),
 ('10', 'field', '16', 'en_us', ' as a citizen of the technology addicted world i felt the downside of living and archiving my life digitally when my iphone was stolen uncovering my need of communicating through digital devices and the unpleasant feeling of strangers having my personal information layed the foundation for an eight week project raising the question how can the increasing bond between the digital sphere and the physical world be illustrated through a stolen digital device through a mistake by the thief i got access to this persons contact list and address via icloud syncronization and find my iphone with this information i utilized digital channels and databases to gather as much information about this person as possible and in the end i have strong proof of who has my iphone and a book containing the life of this person '),
 ('10', 'field', '17', 'en_us', ''),
 ('12', 'filename', '0', 'en_us', ' oupw 02 44 mp4 '),
 ('12', 'extension', '0', 'en_us', ' mp4 '),
 ('12', 'kind', '0', 'en_us', ' video '),
 ('12', 'slug', '0', 'en_us', ' oupw 02 44 '),
 ('12', 'title', '0', 'en_us', ' oupw 02 44 ');



DROP TABLE IF EXISTS `craft_sections`;


--
-- Schema for table `craft_sections`
--
CREATE TABLE `craft_sections` (
  `id` int(11) NOT NULL AUTO_INCREMENT,
  `structureId` int(11) DEFAULT NULL,
  `name` varchar(255) COLLATE utf8_unicode_ci NOT NULL,
  `handle` varchar(255) COLLATE utf8_unicode_ci NOT NULL,
  `type` enum('single','channel','structure') COLLATE utf8_unicode_ci NOT NULL DEFAULT 'channel',
  `hasUrls` tinyint(1) unsigned NOT NULL DEFAULT '1',
  `template` varchar(500) COLLATE utf8_unicode_ci DEFAULT NULL,
  `enableVersioning` tinyint(1) unsigned NOT NULL DEFAULT '0',
  `dateCreated` datetime NOT NULL,
  `dateUpdated` datetime NOT NULL,
  `uid` char(36) COLLATE utf8_unicode_ci NOT NULL DEFAULT '0',
  PRIMARY KEY (`id`),
  UNIQUE KEY `craft_sections_name_unq_idx` (`name`),
  UNIQUE KEY `craft_sections_handle_unq_idx` (`handle`),
  KEY `craft_sections_structureId_fk` (`structureId`)
) ENGINE=InnoDB AUTO_INCREMENT=4 DEFAULT CHARSET=utf8 COLLATE=utf8_unicode_ci;

--
-- Data for table `craft_sections`
--

INSERT INTO `craft_sections` (`id`, `structureId`, `name`, `handle`, `type`, `hasUrls`, `template`, `enableVersioning`, `dateCreated`, `dateUpdated`, `uid`) VALUES
 ('1', NULL, 'Index', 'index', 'single', '1', 'index', '1', '2017-05-22 21:08:51', '2017-05-22 21:55:05', '7a5b38cd-b1b0-4ba8-881f-63512903b85e'),
 ('3', NULL, 'Projects', 'projects', 'channel', '1', 'projects/_entry', '1', '2017-05-22 21:55:31', '2017-05-22 22:36:44', '28399400-ae66-4714-948d-b3fc566e13fb');



DROP TABLE IF EXISTS `craft_sections_i18n`;


--
-- Schema for table `craft_sections_i18n`
--
CREATE TABLE `craft_sections_i18n` (
  `id` int(11) NOT NULL AUTO_INCREMENT,
  `sectionId` int(11) NOT NULL,
  `locale` char(12) COLLATE utf8_unicode_ci NOT NULL,
  `enabledByDefault` tinyint(1) unsigned NOT NULL DEFAULT '1',
  `urlFormat` text COLLATE utf8_unicode_ci,
  `nestedUrlFormat` text COLLATE utf8_unicode_ci,
  `dateCreated` datetime NOT NULL,
  `dateUpdated` datetime NOT NULL,
  `uid` char(36) COLLATE utf8_unicode_ci NOT NULL DEFAULT '0',
  PRIMARY KEY (`id`),
  UNIQUE KEY `craft_sections_i18n_sectionId_locale_unq_idx` (`sectionId`,`locale`),
  KEY `craft_sections_i18n_locale_fk` (`locale`)
) ENGINE=InnoDB AUTO_INCREMENT=4 DEFAULT CHARSET=utf8 COLLATE=utf8_unicode_ci;

--
-- Data for table `craft_sections_i18n`
--

INSERT INTO `craft_sections_i18n` (`id`, `sectionId`, `locale`, `enabledByDefault`, `urlFormat`, `nestedUrlFormat`, `dateCreated`, `dateUpdated`, `uid`) VALUES
 ('1', '1', 'en_us', '1', '__home__', NULL, '2017-05-22 21:08:51', '2017-05-22 21:08:51', '48b187c8-3fbe-439a-b47e-2b3e570e888c'),
 ('3', '3', 'en_us', '0', '{slug}', NULL, '2017-05-22 21:55:31', '2017-05-22 22:36:44', '97f8328a-f097-41bf-b8ee-53318a753ba4');



DROP TABLE IF EXISTS `craft_sessions`;


--
-- Schema for table `craft_sessions`
--
CREATE TABLE `craft_sessions` (
  `id` int(11) NOT NULL AUTO_INCREMENT,
  `userId` int(11) NOT NULL,
  `token` char(100) COLLATE utf8_unicode_ci NOT NULL,
  `dateCreated` datetime NOT NULL,
  `dateUpdated` datetime NOT NULL,
  `uid` char(36) COLLATE utf8_unicode_ci NOT NULL DEFAULT '0',
  PRIMARY KEY (`id`),
  KEY `craft_sessions_uid_idx` (`uid`),
  KEY `craft_sessions_token_idx` (`token`),
  KEY `craft_sessions_dateUpdated_idx` (`dateUpdated`),
  KEY `craft_sessions_userId_fk` (`userId`)
) ENGINE=InnoDB AUTO_INCREMENT=7 DEFAULT CHARSET=utf8 COLLATE=utf8_unicode_ci;

DROP TABLE IF EXISTS `craft_shunnedmessages`;


--
-- Schema for table `craft_shunnedmessages`
--
CREATE TABLE `craft_shunnedmessages` (
  `id` int(11) NOT NULL AUTO_INCREMENT,
  `userId` int(11) NOT NULL,
  `message` varchar(255) COLLATE utf8_unicode_ci NOT NULL,
  `expiryDate` datetime DEFAULT NULL,
  `dateCreated` datetime NOT NULL,
  `dateUpdated` datetime NOT NULL,
  `uid` char(36) COLLATE utf8_unicode_ci NOT NULL DEFAULT '0',
  PRIMARY KEY (`id`),
  UNIQUE KEY `craft_shunnedmessages_userId_message_unq_idx` (`userId`,`message`)
) ENGINE=InnoDB DEFAULT CHARSET=utf8 COLLATE=utf8_unicode_ci;

DROP TABLE IF EXISTS `craft_structureelements`;


--
-- Schema for table `craft_structureelements`
--
CREATE TABLE `craft_structureelements` (
  `id` int(11) NOT NULL AUTO_INCREMENT,
  `structureId` int(11) NOT NULL,
  `elementId` int(11) DEFAULT NULL,
  `root` int(11) unsigned DEFAULT NULL,
  `lft` int(11) unsigned NOT NULL,
  `rgt` int(11) unsigned NOT NULL,
  `level` smallint(6) unsigned NOT NULL,
  `dateCreated` datetime NOT NULL,
  `dateUpdated` datetime NOT NULL,
  `uid` char(36) COLLATE utf8_unicode_ci NOT NULL DEFAULT '0',
  PRIMARY KEY (`id`),
  UNIQUE KEY `craft_structureelements_structureId_elementId_unq_idx` (`structureId`,`elementId`),
  KEY `craft_structureelements_root_idx` (`root`),
  KEY `craft_structureelements_lft_idx` (`lft`),
  KEY `craft_structureelements_rgt_idx` (`rgt`),
  KEY `craft_structureelements_level_idx` (`level`),
  KEY `craft_structureelements_elementId_fk` (`elementId`)
) ENGINE=InnoDB DEFAULT CHARSET=utf8 COLLATE=utf8_unicode_ci;

DROP TABLE IF EXISTS `craft_structures`;


--
-- Schema for table `craft_structures`
--
CREATE TABLE `craft_structures` (
  `id` int(11) NOT NULL AUTO_INCREMENT,
  `maxLevels` smallint(6) unsigned DEFAULT NULL,
  `dateCreated` datetime NOT NULL,
  `dateUpdated` datetime NOT NULL,
  `uid` char(36) COLLATE utf8_unicode_ci NOT NULL DEFAULT '0',
  PRIMARY KEY (`id`)
) ENGINE=InnoDB DEFAULT CHARSET=utf8 COLLATE=utf8_unicode_ci;

DROP TABLE IF EXISTS `craft_systemsettings`;


--
-- Schema for table `craft_systemsettings`
--
CREATE TABLE `craft_systemsettings` (
  `id` int(11) NOT NULL AUTO_INCREMENT,
  `category` varchar(15) COLLATE utf8_unicode_ci NOT NULL,
  `settings` text COLLATE utf8_unicode_ci,
  `dateCreated` datetime NOT NULL,
  `dateUpdated` datetime NOT NULL,
  `uid` char(36) COLLATE utf8_unicode_ci NOT NULL DEFAULT '0',
  PRIMARY KEY (`id`),
  UNIQUE KEY `craft_systemsettings_category_unq_idx` (`category`)
) ENGINE=InnoDB AUTO_INCREMENT=2 DEFAULT CHARSET=utf8 COLLATE=utf8_unicode_ci;

--
-- Data for table `craft_systemsettings`
--

INSERT INTO `craft_systemsettings` (`id`, `category`, `settings`, `dateCreated`, `dateUpdated`, `uid`) VALUES
 ('1', 'email', '{\"protocol\":\"php\",\"emailAddress\":\"kim.andre.ottesen@gmail.com\",\"senderName\":\"Kim Andre Ottesen\"}', '2017-05-22 21:08:50', '2017-05-22 21:08:50', 'c146bd6c-7999-48cf-98f4-1a3d3c548a57');



DROP TABLE IF EXISTS `craft_taggroups`;


--
-- Schema for table `craft_taggroups`
--
CREATE TABLE `craft_taggroups` (
  `id` int(11) NOT NULL AUTO_INCREMENT,
  `name` varchar(255) COLLATE utf8_unicode_ci NOT NULL,
  `handle` varchar(255) COLLATE utf8_unicode_ci NOT NULL,
  `fieldLayoutId` int(10) DEFAULT NULL,
  `dateCreated` datetime NOT NULL,
  `dateUpdated` datetime NOT NULL,
  `uid` char(36) COLLATE utf8_unicode_ci NOT NULL DEFAULT '0',
  PRIMARY KEY (`id`),
  UNIQUE KEY `craft_taggroups_name_unq_idx` (`name`),
  UNIQUE KEY `craft_taggroups_handle_unq_idx` (`handle`),
  KEY `craft_taggroups_fieldLayoutId_fk` (`fieldLayoutId`)
) ENGINE=InnoDB AUTO_INCREMENT=2 DEFAULT CHARSET=utf8 COLLATE=utf8_unicode_ci;

--
-- Data for table `craft_taggroups`
--

INSERT INTO `craft_taggroups` (`id`, `name`, `handle`, `fieldLayoutId`, `dateCreated`, `dateUpdated`, `uid`) VALUES
 ('1', 'Default', 'default', '1', '2017-05-22 21:08:51', '2017-05-22 21:08:51', 'cecfca05-f710-458e-92be-f378dda9c332');



DROP TABLE IF EXISTS `craft_tags`;


--
-- Schema for table `craft_tags`
--
CREATE TABLE `craft_tags` (
  `id` int(11) NOT NULL,
  `groupId` int(11) NOT NULL,
  `dateCreated` datetime NOT NULL,
  `dateUpdated` datetime NOT NULL,
  `uid` char(36) COLLATE utf8_unicode_ci NOT NULL DEFAULT '0',
  PRIMARY KEY (`id`),
  KEY `craft_tags_groupId_fk` (`groupId`)
) ENGINE=InnoDB DEFAULT CHARSET=utf8 COLLATE=utf8_unicode_ci;

DROP TABLE IF EXISTS `craft_tasks`;


--
-- Schema for table `craft_tasks`
--
CREATE TABLE `craft_tasks` (
  `id` int(11) NOT NULL AUTO_INCREMENT,
  `root` int(11) unsigned DEFAULT NULL,
  `lft` int(11) unsigned NOT NULL,
  `rgt` int(11) unsigned NOT NULL,
  `level` smallint(6) unsigned NOT NULL,
  `currentStep` int(11) unsigned DEFAULT NULL,
  `totalSteps` int(11) unsigned DEFAULT NULL,
  `status` enum('pending','error','running') COLLATE utf8_unicode_ci DEFAULT NULL,
  `type` varchar(150) COLLATE utf8_unicode_ci NOT NULL,
  `description` varchar(255) COLLATE utf8_unicode_ci DEFAULT NULL,
  `settings` mediumtext COLLATE utf8_unicode_ci,
  `dateCreated` datetime NOT NULL,
  `dateUpdated` datetime NOT NULL,
  `uid` char(36) COLLATE utf8_unicode_ci NOT NULL DEFAULT '0',
  PRIMARY KEY (`id`),
  KEY `craft_tasks_root_idx` (`root`),
  KEY `craft_tasks_lft_idx` (`lft`),
  KEY `craft_tasks_rgt_idx` (`rgt`),
  KEY `craft_tasks_level_idx` (`level`)
) ENGINE=InnoDB DEFAULT CHARSET=utf8 COLLATE=utf8_unicode_ci;

DROP TABLE IF EXISTS `craft_templatecachecriteria`;


--
-- Schema for table `craft_templatecachecriteria`
--
CREATE TABLE `craft_templatecachecriteria` (
  `id` int(11) NOT NULL AUTO_INCREMENT,
  `cacheId` int(11) NOT NULL,
  `type` varchar(150) COLLATE utf8_unicode_ci NOT NULL,
  `criteria` text COLLATE utf8_unicode_ci NOT NULL,
  PRIMARY KEY (`id`),
  KEY `craft_templatecachecriteria_cacheId_fk` (`cacheId`),
  KEY `craft_templatecachecriteria_type_idx` (`type`)
) ENGINE=InnoDB DEFAULT CHARSET=utf8 COLLATE=utf8_unicode_ci;

DROP TABLE IF EXISTS `craft_templatecacheelements`;


--
-- Schema for table `craft_templatecacheelements`
--
CREATE TABLE `craft_templatecacheelements` (
  `cacheId` int(11) NOT NULL,
  `elementId` int(11) NOT NULL,
  KEY `craft_templatecacheelements_cacheId_fk` (`cacheId`),
  KEY `craft_templatecacheelements_elementId_fk` (`elementId`)
) ENGINE=InnoDB DEFAULT CHARSET=utf8 COLLATE=utf8_unicode_ci;

DROP TABLE IF EXISTS `craft_templatecaches`;


--
-- Schema for table `craft_templatecaches`
--
CREATE TABLE `craft_templatecaches` (
  `id` int(11) NOT NULL AUTO_INCREMENT,
  `cacheKey` varchar(255) COLLATE utf8_unicode_ci NOT NULL,
  `locale` char(12) COLLATE utf8_unicode_ci NOT NULL,
  `path` varchar(255) COLLATE utf8_unicode_ci DEFAULT NULL,
  `expiryDate` datetime NOT NULL,
  `body` mediumtext COLLATE utf8_unicode_ci NOT NULL,
  PRIMARY KEY (`id`),
  KEY `craft_templatecaches_expiryDate_cacheKey_locale_path_idx` (`expiryDate`,`cacheKey`,`locale`,`path`),
  KEY `craft_templatecaches_locale_fk` (`locale`)
) ENGINE=InnoDB DEFAULT CHARSET=utf8 COLLATE=utf8_unicode_ci;

DROP TABLE IF EXISTS `craft_tokens`;


--
-- Schema for table `craft_tokens`
--
CREATE TABLE `craft_tokens` (
  `id` int(11) NOT NULL AUTO_INCREMENT,
  `token` char(32) COLLATE utf8_unicode_ci NOT NULL,
  `route` text COLLATE utf8_unicode_ci,
  `usageLimit` tinyint(3) unsigned DEFAULT NULL,
  `usageCount` tinyint(3) unsigned DEFAULT NULL,
  `expiryDate` datetime NOT NULL,
  `dateCreated` datetime NOT NULL,
  `dateUpdated` datetime NOT NULL,
  `uid` char(36) COLLATE utf8_unicode_ci NOT NULL DEFAULT '0',
  PRIMARY KEY (`id`),
  UNIQUE KEY `craft_tokens_token_unq_idx` (`token`),
  KEY `craft_tokens_expiryDate_idx` (`expiryDate`)
) ENGINE=InnoDB DEFAULT CHARSET=utf8 COLLATE=utf8_unicode_ci;

DROP TABLE IF EXISTS `craft_usergroups`;


--
-- Schema for table `craft_usergroups`
--
CREATE TABLE `craft_usergroups` (
  `id` int(11) NOT NULL AUTO_INCREMENT,
  `name` varchar(255) COLLATE utf8_unicode_ci NOT NULL,
  `handle` varchar(255) COLLATE utf8_unicode_ci NOT NULL,
  `dateCreated` datetime NOT NULL,
  `dateUpdated` datetime NOT NULL,
  `uid` char(36) COLLATE utf8_unicode_ci NOT NULL DEFAULT '0',
  PRIMARY KEY (`id`),
  UNIQUE KEY `craft_usergroups_name_unq_idx` (`name`),
  UNIQUE KEY `craft_usergroups_handle_unq_idx` (`handle`)
) ENGINE=InnoDB DEFAULT CHARSET=utf8 COLLATE=utf8_unicode_ci;

DROP TABLE IF EXISTS `craft_usergroups_users`;


--
-- Schema for table `craft_usergroups_users`
--
CREATE TABLE `craft_usergroups_users` (
  `id` int(11) NOT NULL AUTO_INCREMENT,
  `groupId` int(11) NOT NULL,
  `userId` int(11) NOT NULL,
  `dateCreated` datetime NOT NULL,
  `dateUpdated` datetime NOT NULL,
  `uid` char(36) COLLATE utf8_unicode_ci NOT NULL DEFAULT '0',
  PRIMARY KEY (`id`),
  UNIQUE KEY `craft_usergroups_users_groupId_userId_unq_idx` (`groupId`,`userId`),
  KEY `craft_usergroups_users_userId_fk` (`userId`)
) ENGINE=InnoDB DEFAULT CHARSET=utf8 COLLATE=utf8_unicode_ci;

DROP TABLE IF EXISTS `craft_userpermissions`;


--
-- Schema for table `craft_userpermissions`
--
CREATE TABLE `craft_userpermissions` (
  `id` int(11) NOT NULL AUTO_INCREMENT,
  `name` varchar(255) COLLATE utf8_unicode_ci NOT NULL,
  `dateCreated` datetime NOT NULL,
  `dateUpdated` datetime NOT NULL,
  `uid` char(36) COLLATE utf8_unicode_ci NOT NULL DEFAULT '0',
  PRIMARY KEY (`id`),
  UNIQUE KEY `craft_userpermissions_name_unq_idx` (`name`)
) ENGINE=InnoDB DEFAULT CHARSET=utf8 COLLATE=utf8_unicode_ci;

DROP TABLE IF EXISTS `craft_userpermissions_usergroups`;


--
-- Schema for table `craft_userpermissions_usergroups`
--
CREATE TABLE `craft_userpermissions_usergroups` (
  `id` int(11) NOT NULL AUTO_INCREMENT,
  `permissionId` int(11) NOT NULL,
  `groupId` int(11) NOT NULL,
  `dateCreated` datetime NOT NULL,
  `dateUpdated` datetime NOT NULL,
  `uid` char(36) COLLATE utf8_unicode_ci NOT NULL DEFAULT '0',
  PRIMARY KEY (`id`),
  UNIQUE KEY `craft_userpermissions_usergroups_permissionId_groupId_unq_idx` (`permissionId`,`groupId`),
  KEY `craft_userpermissions_usergroups_groupId_fk` (`groupId`)
) ENGINE=InnoDB DEFAULT CHARSET=utf8 COLLATE=utf8_unicode_ci;

DROP TABLE IF EXISTS `craft_userpermissions_users`;


--
-- Schema for table `craft_userpermissions_users`
--
CREATE TABLE `craft_userpermissions_users` (
  `id` int(11) NOT NULL AUTO_INCREMENT,
  `permissionId` int(11) NOT NULL,
  `userId` int(11) NOT NULL,
  `dateCreated` datetime NOT NULL,
  `dateUpdated` datetime NOT NULL,
  `uid` char(36) COLLATE utf8_unicode_ci NOT NULL DEFAULT '0',
  PRIMARY KEY (`id`),
  UNIQUE KEY `craft_userpermissions_users_permissionId_userId_unq_idx` (`permissionId`,`userId`),
  KEY `craft_userpermissions_users_userId_fk` (`userId`)
) ENGINE=InnoDB DEFAULT CHARSET=utf8 COLLATE=utf8_unicode_ci;

DROP TABLE IF EXISTS `craft_users`;


--
-- Schema for table `craft_users`
--
CREATE TABLE `craft_users` (
  `id` int(11) NOT NULL,
  `username` varchar(100) COLLATE utf8_unicode_ci NOT NULL,
  `photo` varchar(100) COLLATE utf8_unicode_ci DEFAULT NULL,
  `firstName` varchar(100) COLLATE utf8_unicode_ci DEFAULT NULL,
  `lastName` varchar(100) COLLATE utf8_unicode_ci DEFAULT NULL,
  `email` varchar(255) COLLATE utf8_unicode_ci NOT NULL,
  `password` char(255) COLLATE utf8_unicode_ci DEFAULT NULL,
  `preferredLocale` char(12) COLLATE utf8_unicode_ci DEFAULT NULL,
  `weekStartDay` tinyint(1) unsigned NOT NULL DEFAULT '0',
  `admin` tinyint(1) unsigned NOT NULL DEFAULT '0',
  `client` tinyint(1) unsigned NOT NULL DEFAULT '0',
  `locked` tinyint(1) unsigned NOT NULL DEFAULT '0',
  `suspended` tinyint(1) unsigned NOT NULL DEFAULT '0',
  `pending` tinyint(1) unsigned NOT NULL DEFAULT '0',
  `archived` tinyint(1) unsigned NOT NULL DEFAULT '0',
  `lastLoginDate` datetime DEFAULT NULL,
  `lastLoginAttemptIPAddress` varchar(45) COLLATE utf8_unicode_ci DEFAULT NULL,
  `invalidLoginWindowStart` datetime DEFAULT NULL,
  `invalidLoginCount` tinyint(4) unsigned DEFAULT NULL,
  `lastInvalidLoginDate` datetime DEFAULT NULL,
  `lockoutDate` datetime DEFAULT NULL,
  `verificationCode` char(100) COLLATE utf8_unicode_ci DEFAULT NULL,
  `verificationCodeIssuedDate` datetime DEFAULT NULL,
  `unverifiedEmail` varchar(255) COLLATE utf8_unicode_ci DEFAULT NULL,
  `passwordResetRequired` tinyint(1) unsigned NOT NULL DEFAULT '0',
  `lastPasswordChangeDate` datetime DEFAULT NULL,
  `dateCreated` datetime NOT NULL,
  `dateUpdated` datetime NOT NULL,
  `uid` char(36) COLLATE utf8_unicode_ci NOT NULL DEFAULT '0',
  PRIMARY KEY (`id`),
  UNIQUE KEY `craft_users_username_unq_idx` (`username`),
  UNIQUE KEY `craft_users_email_unq_idx` (`email`),
  KEY `craft_users_verificationCode_idx` (`verificationCode`),
  KEY `craft_users_uid_idx` (`uid`),
  KEY `craft_users_preferredLocale_fk` (`preferredLocale`)
) ENGINE=InnoDB DEFAULT CHARSET=utf8 COLLATE=utf8_unicode_ci;

--
-- Data for table `craft_users`
--

INSERT INTO `craft_users` (`id`, `username`, `photo`, `firstName`, `lastName`, `email`, `password`, `preferredLocale`, `weekStartDay`, `admin`, `client`, `locked`, `suspended`, `pending`, `archived`, `lastLoginDate`, `lastLoginAttemptIPAddress`, `invalidLoginWindowStart`, `invalidLoginCount`, `lastInvalidLoginDate`, `lockoutDate`, `verificationCode`, `verificationCodeIssuedDate`, `unverifiedEmail`, `passwordResetRequired`, `lastPasswordChangeDate`, `dateCreated`, `dateUpdated`, `uid`) VALUES
 ('1', 'kiman', 'avatar_500x500.png', 'Kim Andre', 'Ottesen', 'kim.andre.ottesen@gmail.com', '$2y$13$FVQefMjTZ/x25XTfBtqEWONDZRhR82yNwD/nTCb8JKJncMDMCPNt6', NULL, '1', '1', '0', '0', '0', '0', '0', '2017-06-04 10:35:56', '::1', NULL, NULL, NULL, NULL, NULL, NULL, NULL, '0', '2017-05-22 21:08:47', '2017-05-22 21:08:47', '2017-06-04 10:35:56', 'fdec3eb4-d4b1-458d-9978-7cd2397769c1');



DROP TABLE IF EXISTS `craft_widgets`;


--
-- Schema for table `craft_widgets`
--
CREATE TABLE `craft_widgets` (
  `id` int(11) NOT NULL AUTO_INCREMENT,
  `userId` int(11) NOT NULL,
  `type` varchar(150) COLLATE utf8_unicode_ci NOT NULL,
  `sortOrder` smallint(6) unsigned DEFAULT NULL,
  `colspan` tinyint(4) unsigned DEFAULT NULL,
  `settings` text COLLATE utf8_unicode_ci,
  `enabled` tinyint(1) unsigned NOT NULL DEFAULT '1',
  `dateCreated` datetime NOT NULL,
  `dateUpdated` datetime NOT NULL,
  `uid` char(36) COLLATE utf8_unicode_ci NOT NULL DEFAULT '0',
  PRIMARY KEY (`id`),
  KEY `craft_widgets_userId_fk` (`userId`)
) ENGINE=InnoDB AUTO_INCREMENT=5 DEFAULT CHARSET=utf8 COLLATE=utf8_unicode_ci;

--
-- Data for table `craft_widgets`
--

INSERT INTO `craft_widgets` (`id`, `userId`, `type`, `sortOrder`, `colspan`, `settings`, `enabled`, `dateCreated`, `dateUpdated`, `uid`) VALUES
 ('1', '1', 'RecentEntries', '1', NULL, NULL, '1', '2017-05-22 21:09:51', '2017-05-22 21:09:51', '308fccb3-af15-4ca8-ac55-ea040a964055'),
 ('2', '1', 'GetHelp', '2', NULL, NULL, '1', '2017-05-22 21:09:51', '2017-05-22 21:09:51', 'a4fb0c4a-e1e5-4c1d-a6e6-1138bb2991ef'),
 ('3', '1', 'Updates', '3', NULL, NULL, '1', '2017-05-22 21:09:51', '2017-05-22 21:09:51', '6b426b51-dc76-490c-8894-f7f62d62c5ba'),
 ('4', '1', 'Feed', '4', NULL, '{\"url\":\"https:\\/\\/craftcms.com\\/news.rss\",\"title\":\"Craft News\"}', '1', '2017-05-22 21:09:51', '2017-05-22 21:09:51', '10043e06-dfe1-4e61-8d40-cd599ab7eb94');


--
-- Constraints for tables
--


--
-- Constraints for table `craft_assetfiles`
--
ALTER TABLE `craft_assetfiles`
	ADD CONSTRAINT `craft_assetfiles_folderId_fk` FOREIGN KEY (`folderId`) REFERENCES `craft_assetfolders` (`id`) ON DELETE CASCADE,
	ADD CONSTRAINT `craft_assetfiles_id_fk` FOREIGN KEY (`id`) REFERENCES `craft_elements` (`id`) ON DELETE CASCADE,
	ADD CONSTRAINT `craft_assetfiles_sourceId_fk` FOREIGN KEY (`sourceId`) REFERENCES `craft_assetsources` (`id`) ON DELETE CASCADE;

--
-- Constraints for table `craft_assetfolders`
--
ALTER TABLE `craft_assetfolders`
	ADD CONSTRAINT `craft_assetfolders_parentId_fk` FOREIGN KEY (`parentId`) REFERENCES `craft_assetfolders` (`id`) ON DELETE CASCADE,
	ADD CONSTRAINT `craft_assetfolders_sourceId_fk` FOREIGN KEY (`sourceId`) REFERENCES `craft_assetsources` (`id`) ON DELETE CASCADE;

--
-- Constraints for table `craft_assetindexdata`
--
ALTER TABLE `craft_assetindexdata`
	ADD CONSTRAINT `craft_assetindexdata_sourceId_fk` FOREIGN KEY (`sourceId`) REFERENCES `craft_assetsources` (`id`) ON DELETE CASCADE;

--
-- Constraints for table `craft_assetsources`
--
ALTER TABLE `craft_assetsources`
	ADD CONSTRAINT `craft_assetsources_fieldLayoutId_fk` FOREIGN KEY (`fieldLayoutId`) REFERENCES `craft_fieldlayouts` (`id`) ON DELETE SET NULL;

--
-- Constraints for table `craft_categories`
--
ALTER TABLE `craft_categories`
	ADD CONSTRAINT `craft_categories_groupId_fk` FOREIGN KEY (`groupId`) REFERENCES `craft_categorygroups` (`id`) ON DELETE CASCADE,
	ADD CONSTRAINT `craft_categories_id_fk` FOREIGN KEY (`id`) REFERENCES `craft_elements` (`id`) ON DELETE CASCADE;

--
-- Constraints for table `craft_categorygroups`
--
ALTER TABLE `craft_categorygroups`
	ADD CONSTRAINT `craft_categorygroups_fieldLayoutId_fk` FOREIGN KEY (`fieldLayoutId`) REFERENCES `craft_fieldlayouts` (`id`) ON DELETE SET NULL,
	ADD CONSTRAINT `craft_categorygroups_structureId_fk` FOREIGN KEY (`structureId`) REFERENCES `craft_structures` (`id`) ON DELETE CASCADE;

--
-- Constraints for table `craft_categorygroups_i18n`
--
ALTER TABLE `craft_categorygroups_i18n`
	ADD CONSTRAINT `craft_categorygroups_i18n_groupId_fk` FOREIGN KEY (`groupId`) REFERENCES `craft_categorygroups` (`id`) ON DELETE CASCADE,
	ADD CONSTRAINT `craft_categorygroups_i18n_locale_fk` FOREIGN KEY (`locale`) REFERENCES `craft_locales` (`locale`) ON DELETE CASCADE ON UPDATE CASCADE;

--
-- Constraints for table `craft_content`
--
ALTER TABLE `craft_content`
	ADD CONSTRAINT `craft_content_elementId_fk` FOREIGN KEY (`elementId`) REFERENCES `craft_elements` (`id`) ON DELETE CASCADE,
	ADD CONSTRAINT `craft_content_locale_fk` FOREIGN KEY (`locale`) REFERENCES `craft_locales` (`locale`) ON DELETE CASCADE ON UPDATE CASCADE;

--
-- Constraints for table `craft_elements_i18n`
--
ALTER TABLE `craft_elements_i18n`
	ADD CONSTRAINT `craft_elements_i18n_elementId_fk` FOREIGN KEY (`elementId`) REFERENCES `craft_elements` (`id`) ON DELETE CASCADE,
	ADD CONSTRAINT `craft_elements_i18n_locale_fk` FOREIGN KEY (`locale`) REFERENCES `craft_locales` (`locale`) ON DELETE CASCADE ON UPDATE CASCADE;

--
-- Constraints for table `craft_emailmessages`
--
ALTER TABLE `craft_emailmessages`
	ADD CONSTRAINT `craft_emailmessages_locale_fk` FOREIGN KEY (`locale`) REFERENCES `craft_locales` (`locale`) ON DELETE CASCADE ON UPDATE CASCADE;

--
-- Constraints for table `craft_entries`
--
ALTER TABLE `craft_entries`
	ADD CONSTRAINT `craft_entries_authorId_fk` FOREIGN KEY (`authorId`) REFERENCES `craft_users` (`id`) ON DELETE CASCADE,
	ADD CONSTRAINT `craft_entries_id_fk` FOREIGN KEY (`id`) REFERENCES `craft_elements` (`id`) ON DELETE CASCADE,
	ADD CONSTRAINT `craft_entries_sectionId_fk` FOREIGN KEY (`sectionId`) REFERENCES `craft_sections` (`id`) ON DELETE CASCADE,
	ADD CONSTRAINT `craft_entries_typeId_fk` FOREIGN KEY (`typeId`) REFERENCES `craft_entrytypes` (`id`) ON DELETE CASCADE;

--
-- Constraints for table `craft_entrydrafts`
--
ALTER TABLE `craft_entrydrafts`
	ADD CONSTRAINT `craft_entrydrafts_creatorId_fk` FOREIGN KEY (`creatorId`) REFERENCES `craft_users` (`id`) ON DELETE CASCADE,
	ADD CONSTRAINT `craft_entrydrafts_entryId_fk` FOREIGN KEY (`entryId`) REFERENCES `craft_entries` (`id`) ON DELETE CASCADE,
	ADD CONSTRAINT `craft_entrydrafts_locale_fk` FOREIGN KEY (`locale`) REFERENCES `craft_locales` (`locale`) ON DELETE CASCADE ON UPDATE CASCADE,
	ADD CONSTRAINT `craft_entrydrafts_sectionId_fk` FOREIGN KEY (`sectionId`) REFERENCES `craft_sections` (`id`) ON DELETE CASCADE;

--
-- Constraints for table `craft_entrytypes`
--
ALTER TABLE `craft_entrytypes`
	ADD CONSTRAINT `craft_entrytypes_fieldLayoutId_fk` FOREIGN KEY (`fieldLayoutId`) REFERENCES `craft_fieldlayouts` (`id`) ON DELETE SET NULL,
	ADD CONSTRAINT `craft_entrytypes_sectionId_fk` FOREIGN KEY (`sectionId`) REFERENCES `craft_sections` (`id`) ON DELETE CASCADE;

--
-- Constraints for table `craft_entryversions`
--
ALTER TABLE `craft_entryversions`
	ADD CONSTRAINT `craft_entryversions_creatorId_fk` FOREIGN KEY (`creatorId`) REFERENCES `craft_users` (`id`) ON DELETE SET NULL,
	ADD CONSTRAINT `craft_entryversions_entryId_fk` FOREIGN KEY (`entryId`) REFERENCES `craft_entries` (`id`) ON DELETE CASCADE,
	ADD CONSTRAINT `craft_entryversions_locale_fk` FOREIGN KEY (`locale`) REFERENCES `craft_locales` (`locale`) ON DELETE CASCADE ON UPDATE CASCADE,
	ADD CONSTRAINT `craft_entryversions_sectionId_fk` FOREIGN KEY (`sectionId`) REFERENCES `craft_sections` (`id`) ON DELETE CASCADE;

--
-- Constraints for table `craft_fieldlayoutfields`
--
ALTER TABLE `craft_fieldlayoutfields`
	ADD CONSTRAINT `craft_fieldlayoutfields_fieldId_fk` FOREIGN KEY (`fieldId`) REFERENCES `craft_fields` (`id`) ON DELETE CASCADE,
	ADD CONSTRAINT `craft_fieldlayoutfields_layoutId_fk` FOREIGN KEY (`layoutId`) REFERENCES `craft_fieldlayouts` (`id`) ON DELETE CASCADE,
	ADD CONSTRAINT `craft_fieldlayoutfields_tabId_fk` FOREIGN KEY (`tabId`) REFERENCES `craft_fieldlayouttabs` (`id`) ON DELETE CASCADE;

--
-- Constraints for table `craft_fieldlayouttabs`
--
ALTER TABLE `craft_fieldlayouttabs`
	ADD CONSTRAINT `craft_fieldlayouttabs_layoutId_fk` FOREIGN KEY (`layoutId`) REFERENCES `craft_fieldlayouts` (`id`) ON DELETE CASCADE;

--
-- Constraints for table `craft_fields`
--
ALTER TABLE `craft_fields`
	ADD CONSTRAINT `craft_fields_groupId_fk` FOREIGN KEY (`groupId`) REFERENCES `craft_fieldgroups` (`id`) ON DELETE CASCADE;

--
-- Constraints for table `craft_globalsets`
--
ALTER TABLE `craft_globalsets`
	ADD CONSTRAINT `craft_globalsets_fieldLayoutId_fk` FOREIGN KEY (`fieldLayoutId`) REFERENCES `craft_fieldlayouts` (`id`) ON DELETE SET NULL,
	ADD CONSTRAINT `craft_globalsets_id_fk` FOREIGN KEY (`id`) REFERENCES `craft_elements` (`id`) ON DELETE CASCADE;

--
-- Constraints for table `craft_matrixblocks`
--
ALTER TABLE `craft_matrixblocks`
	ADD CONSTRAINT `craft_matrixblocks_fieldId_fk` FOREIGN KEY (`fieldId`) REFERENCES `craft_fields` (`id`) ON DELETE CASCADE,
	ADD CONSTRAINT `craft_matrixblocks_id_fk` FOREIGN KEY (`id`) REFERENCES `craft_elements` (`id`) ON DELETE CASCADE,
	ADD CONSTRAINT `craft_matrixblocks_ownerId_fk` FOREIGN KEY (`ownerId`) REFERENCES `craft_elements` (`id`) ON DELETE CASCADE,
	ADD CONSTRAINT `craft_matrixblocks_ownerLocale_fk` FOREIGN KEY (`ownerLocale`) REFERENCES `craft_locales` (`locale`) ON DELETE CASCADE ON UPDATE CASCADE,
	ADD CONSTRAINT `craft_matrixblocks_typeId_fk` FOREIGN KEY (`typeId`) REFERENCES `craft_matrixblocktypes` (`id`) ON DELETE CASCADE;

--
-- Constraints for table `craft_matrixblocktypes`
--
ALTER TABLE `craft_matrixblocktypes`
	ADD CONSTRAINT `craft_matrixblocktypes_fieldId_fk` FOREIGN KEY (`fieldId`) REFERENCES `craft_fields` (`id`) ON DELETE CASCADE,
	ADD CONSTRAINT `craft_matrixblocktypes_fieldLayoutId_fk` FOREIGN KEY (`fieldLayoutId`) REFERENCES `craft_fieldlayouts` (`id`) ON DELETE SET NULL;

--
-- Constraints for table `craft_matrixcontent_projectcontent`
--
ALTER TABLE `craft_matrixcontent_projectcontent`
	ADD CONSTRAINT `craft_matrixcontent_projectcontent_elementId_fk` FOREIGN KEY (`elementId`) REFERENCES `craft_elements` (`id`) ON DELETE CASCADE,
	ADD CONSTRAINT `craft_matrixcontent_projectcontent_locale_fk` FOREIGN KEY (`locale`) REFERENCES `craft_locales` (`locale`) ON DELETE CASCADE ON UPDATE CASCADE;

--
-- Constraints for table `craft_matrixcontent_projectthumbs`
--
ALTER TABLE `craft_matrixcontent_projectthumbs`
	ADD CONSTRAINT `craft_matrixcontent_projectthumbs_elementId_fk` FOREIGN KEY (`elementId`) REFERENCES `craft_elements` (`id`) ON DELETE CASCADE,
	ADD CONSTRAINT `craft_matrixcontent_projectthumbs_locale_fk` FOREIGN KEY (`locale`) REFERENCES `craft_locales` (`locale`) ON DELETE CASCADE ON UPDATE CASCADE;

--
-- Constraints for table `craft_migrations`
--
ALTER TABLE `craft_migrations`
	ADD CONSTRAINT `craft_migrations_pluginId_fk` FOREIGN KEY (`pluginId`) REFERENCES `craft_plugins` (`id`) ON DELETE CASCADE;

--
-- Constraints for table `craft_relations`
--
ALTER TABLE `craft_relations`
	ADD CONSTRAINT `craft_relations_fieldId_fk` FOREIGN KEY (`fieldId`) REFERENCES `craft_fields` (`id`) ON DELETE CASCADE,
	ADD CONSTRAINT `craft_relations_sourceId_fk` FOREIGN KEY (`sourceId`) REFERENCES `craft_elements` (`id`) ON DELETE CASCADE,
	ADD CONSTRAINT `craft_relations_sourceLocale_fk` FOREIGN KEY (`sourceLocale`) REFERENCES `craft_locales` (`locale`) ON DELETE CASCADE ON UPDATE CASCADE,
	ADD CONSTRAINT `craft_relations_targetId_fk` FOREIGN KEY (`targetId`) REFERENCES `craft_elements` (`id`) ON DELETE CASCADE;

--
-- Constraints for table `craft_routes`
--
ALTER TABLE `craft_routes`
	ADD CONSTRAINT `craft_routes_locale_fk` FOREIGN KEY (`locale`) REFERENCES `craft_locales` (`locale`) ON DELETE CASCADE ON UPDATE CASCADE;

--
-- Constraints for table `craft_sections`
--
ALTER TABLE `craft_sections`
	ADD CONSTRAINT `craft_sections_structureId_fk` FOREIGN KEY (`structureId`) REFERENCES `craft_structures` (`id`) ON DELETE SET NULL;

--
-- Constraints for table `craft_sections_i18n`
--
ALTER TABLE `craft_sections_i18n`
	ADD CONSTRAINT `craft_sections_i18n_locale_fk` FOREIGN KEY (`locale`) REFERENCES `craft_locales` (`locale`) ON DELETE CASCADE ON UPDATE CASCADE,
	ADD CONSTRAINT `craft_sections_i18n_sectionId_fk` FOREIGN KEY (`sectionId`) REFERENCES `craft_sections` (`id`) ON DELETE CASCADE;

--
-- Constraints for table `craft_sessions`
--
ALTER TABLE `craft_sessions`
	ADD CONSTRAINT `craft_sessions_userId_fk` FOREIGN KEY (`userId`) REFERENCES `craft_users` (`id`) ON DELETE CASCADE;

--
-- Constraints for table `craft_shunnedmessages`
--
ALTER TABLE `craft_shunnedmessages`
	ADD CONSTRAINT `craft_shunnedmessages_userId_fk` FOREIGN KEY (`userId`) REFERENCES `craft_users` (`id`) ON DELETE CASCADE;

--
-- Constraints for table `craft_structureelements`
--
ALTER TABLE `craft_structureelements`
	ADD CONSTRAINT `craft_structureelements_elementId_fk` FOREIGN KEY (`elementId`) REFERENCES `craft_elements` (`id`) ON DELETE CASCADE,
	ADD CONSTRAINT `craft_structureelements_structureId_fk` FOREIGN KEY (`structureId`) REFERENCES `craft_structures` (`id`) ON DELETE CASCADE;

--
-- Constraints for table `craft_taggroups`
--
ALTER TABLE `craft_taggroups`
	ADD CONSTRAINT `craft_taggroups_fieldLayoutId_fk` FOREIGN KEY (`fieldLayoutId`) REFERENCES `craft_fieldlayouts` (`id`) ON DELETE SET NULL;

--
-- Constraints for table `craft_tags`
--
ALTER TABLE `craft_tags`
	ADD CONSTRAINT `craft_tags_groupId_fk` FOREIGN KEY (`groupId`) REFERENCES `craft_taggroups` (`id`) ON DELETE CASCADE,
	ADD CONSTRAINT `craft_tags_id_fk` FOREIGN KEY (`id`) REFERENCES `craft_elements` (`id`) ON DELETE CASCADE;

--
-- Constraints for table `craft_templatecachecriteria`
--
ALTER TABLE `craft_templatecachecriteria`
	ADD CONSTRAINT `craft_templatecachecriteria_cacheId_fk` FOREIGN KEY (`cacheId`) REFERENCES `craft_templatecaches` (`id`) ON DELETE CASCADE;

--
-- Constraints for table `craft_templatecacheelements`
--
ALTER TABLE `craft_templatecacheelements`
	ADD CONSTRAINT `craft_templatecacheelements_cacheId_fk` FOREIGN KEY (`cacheId`) REFERENCES `craft_templatecaches` (`id`) ON DELETE CASCADE,
	ADD CONSTRAINT `craft_templatecacheelements_elementId_fk` FOREIGN KEY (`elementId`) REFERENCES `craft_elements` (`id`) ON DELETE CASCADE;

--
-- Constraints for table `craft_templatecaches`
--
ALTER TABLE `craft_templatecaches`
	ADD CONSTRAINT `craft_templatecaches_locale_fk` FOREIGN KEY (`locale`) REFERENCES `craft_locales` (`locale`) ON DELETE CASCADE ON UPDATE CASCADE;

--
-- Constraints for table `craft_usergroups_users`
--
ALTER TABLE `craft_usergroups_users`
	ADD CONSTRAINT `craft_usergroups_users_groupId_fk` FOREIGN KEY (`groupId`) REFERENCES `craft_usergroups` (`id`) ON DELETE CASCADE,
	ADD CONSTRAINT `craft_usergroups_users_userId_fk` FOREIGN KEY (`userId`) REFERENCES `craft_users` (`id`) ON DELETE CASCADE;

--
-- Constraints for table `craft_userpermissions_usergroups`
--
ALTER TABLE `craft_userpermissions_usergroups`
	ADD CONSTRAINT `craft_userpermissions_usergroups_groupId_fk` FOREIGN KEY (`groupId`) REFERENCES `craft_usergroups` (`id`) ON DELETE CASCADE,
	ADD CONSTRAINT `craft_userpermissions_usergroups_permissionId_fk` FOREIGN KEY (`permissionId`) REFERENCES `craft_userpermissions` (`id`) ON DELETE CASCADE;

--
-- Constraints for table `craft_userpermissions_users`
--
ALTER TABLE `craft_userpermissions_users`
	ADD CONSTRAINT `craft_userpermissions_users_permissionId_fk` FOREIGN KEY (`permissionId`) REFERENCES `craft_userpermissions` (`id`) ON DELETE CASCADE,
	ADD CONSTRAINT `craft_userpermissions_users_userId_fk` FOREIGN KEY (`userId`) REFERENCES `craft_users` (`id`) ON DELETE CASCADE;

--
-- Constraints for table `craft_users`
--
ALTER TABLE `craft_users`
	ADD CONSTRAINT `craft_users_id_fk` FOREIGN KEY (`id`) REFERENCES `craft_elements` (`id`) ON DELETE CASCADE,
	ADD CONSTRAINT `craft_users_preferredLocale_fk` FOREIGN KEY (`preferredLocale`) REFERENCES `craft_locales` (`locale`) ON DELETE SET NULL ON UPDATE CASCADE;

--
-- Constraints for table `craft_widgets`
--
ALTER TABLE `craft_widgets`
	ADD CONSTRAINT `craft_widgets_userId_fk` FOREIGN KEY (`userId`) REFERENCES `craft_users` (`id`) ON DELETE CASCADE;

SET FOREIGN_KEY_CHECKS = 1;
